"X","Y","month","day","FFMC","DMC","DC","ISI","temp","RH","wind","rain","area"
7,5,"mar","fri",4.46820433091493,26.2,94.3,1.80828877117927,8.2,51,6.7,0,0
7,4,"oct","tue",4.51743127168008,35.4,669.1,2.04122032885964,18,33,0.9,0,0
7,4,"oct","sat",4.51743127168008,43.7,686.9,2.04122032885964,14.6,33,1.3,0,0
8,6,"mar","fri",4.52936847257181,33.3,77.5,2.30258509299405,8.3,97,4,0.182321556793955,0
8,6,"mar","sun",4.50313746042294,51.3,102.2,2.36085400111802,11.4,99,1.8,0,0
8,6,"aug","sun",4.5358201078533,85.3,488,2.75366071235426,22.2,29,5.4,0,0
8,6,"aug","mon",4.5358201078533,88.9,495.6,2.2512917986065,24.1,27,3.1,0,0
8,6,"aug","mon",4.52720864451838,145.4,608.2,2.45958884180371,8,86,2.2,0,0
8,6,"sep","tue",4.52178857704904,129.5,692.6,2.07944154167984,13.1,63,5.4,0,0
7,5,"sep","sat",4.53796143629464,88,698.6,2.09186406167839,22.8,40,4,0,0
7,5,"sep","sat",4.53796143629464,88,698.6,2.09186406167839,17.8,51,7.2,0,0
7,5,"sep","sat",4.54116485601218,73.2,713,3.16124671203156,19.3,38,4,0,0
6,5,"aug","fri",4.16666522380173,70.8,665.3,0.587786664902119,17,72,6.7,0,0
6,5,"sep","mon",4.52070102936164,126.5,686.5,2.07944154167984,21.3,42,2.2,0,0
6,5,"sep","wed",4.54223038621422,133.3,699.6,2.32238772029023,26.4,21,4.5,0,0
6,5,"sep","fri",4.54648118963941,141.2,713.9,2.70136121295141,22.9,44,5.4,0,0
5,5,"mar","sat",4.52936847257181,35.8,80.8,2.17475172148416,15.1,27,5.4,0,0
8,5,"oct","mon",4.45318382899021,32.8,664.2,1.38629436111989,16.7,47,4.9,0,0
6,4,"mar","wed",4.50202942706858,27.9,70.8,1.98787434815435,15.9,35,4,0,0
6,4,"apr","sat",4.46935046284556,27.4,97.1,1.80828877117927,9.3,44,4.5,0,0
6,4,"sep","tue",4.52178857704904,129.5,692.6,2.07944154167984,18.3,40,2.7,0,0
5,4,"sep","mon",4.53044663979215,78.5,724.3,2.32238772029023,19.1,38,2.7,0,0
7,4,"jun","sun",4.55702981066016,96.3,200,4.04480411666196,21,44,4.5,0,0
7,4,"aug","sat",4.51305489708029,110.9,537.4,1.97408102602201,19.5,43,5.8,0,0
7,4,"aug","sat",4.5485998344997,139.4,594.2,3.05870707271538,23.7,32,5.8,0,0
7,4,"aug","sun",4.52612697864764,142.4,601.4,2.45100509811232,16.3,60,5.4,0,0
7,4,"sep","fri",4.5368913452348,117.9,668,2.58021682959233,19,34,5.8,0,0
7,4,"sep","mon",4.52070102936164,126.5,686.5,2.07944154167984,19.4,48,1.3,0,0
6,3,"sep","sat",4.54754107315146,145.4,721.4,2.2082744135228,30.2,24,2.7,0,0
6,3,"sep","sun",4.5485998344997,149.3,728.6,2.2082744135228,22.8,39,3.6,0,0
6,3,"sep","fri",4.55702981066016,85.1,692.3,2.82731362192903,25.4,24,3.6,0,0
6,3,"sep","mon",4.49535531998088,91.8,709.9,2.09186406167839,11.2,78,7.6,0,0
6,3,"sep","fri",4.49535531998088,69.7,706.8,1.91692261218206,20.6,37,1.8,0,0
6,3,"sep","sun",4.52936847257181,75.6,718.3,2.17475172148416,17.7,39,3.6,0,0
6,3,"sep","mon",4.53044663979215,78.5,724.3,2.32238772029023,21.2,32,2.7,0,0
6,3,"sep","tue",4.51415078760092,80.7,730.2,1.98787434815435,18.2,62,4.5,0,0
6,3,"oct","tue",4.51743127168008,35.4,669.1,2.04122032885964,21.7,24,4.5,0,0
7,4,"oct","fri",4.51085950651685,41.5,682.6,2.27212588550934,11.3,60,5.4,0,0
7,3,"oct","sat",4.51743127168008,43.7,686.9,2.04122032885964,17.8,27,4,0,0
4,4,"mar","tue",4.48975933447676,25.7,67.6,1.56861591791385,14.1,43,2.7,0,0
4,4,"jul","tue",4.38825718442452,60.6,366.7,0.916290731874155,23.3,37,3.1,0,0
4,4,"aug","sat",4.51305489708029,96.9,624.2,2.29253475714054,18.4,42,6.7,0,0
4,4,"aug","tue",4.56226268497681,108.3,647.1,2.89037175789616,16.6,54,5.4,0,0
4,4,"sep","sat",4.53796143629464,88,698.6,2.09186406167839,19.6,48,2.7,0,0
4,4,"sep","wed",4.51195780426591,82.9,735.7,1.97408102602201,12.9,74,4.9,0,0
5,6,"sep","wed",4.55702981066016,85.1,692.3,2.82731362192903,25.9,24,4,0,0
5,6,"sep","mon",4.52070102936164,126.5,686.5,2.07944154167984,14.7,70,3.6,0,0
6,6,"jul","mon",4.55597994179732,62.3,442.9,2.484906649788,23,36,3.1,0,0
4,4,"mar","mon",4.47960696301275,23.9,64.7,1.62924053973028,11.8,35,1.8,0,0
4,4,"mar","mon",4.48413185761104,52.2,103.8,1.79175946922805,11,46,5.8,0,0
4,4,"sep","thu",4.54223038621422,137,706.4,2.32238772029023,20.8,17,1.3,0,0
4,3,"aug","sun",4.51305489708029,99.6,631.2,1.98787434815435,21.5,34,2.2,0,0
4,3,"aug","wed",4.53367418428302,111.2,654.1,2.36085400111802,20.4,42,4.9,0,0
4,3,"aug","wed",4.53367418428302,111.2,654.1,2.36085400111802,20.4,42,4.9,0,0
4,3,"aug","thu",4.52936847257181,114.3,661.3,1.98787434815435,17.6,45,3.6,0,0
4,3,"sep","thu",4.54223038621422,137,706.4,2.32238772029023,27.7,24,2.2,0,0
4,3,"sep","tue",4.51415078760092,80.7,730.2,1.98787434815435,17.8,63,4.9,0,0
4,3,"oct","sun",4.53903038348355,46.5,691.8,2.28238238567653,13.8,50,2.7,0,0
2,2,"feb","mon",4.44265125649032,9.3,34,1.1314021114911,13.9,40,5.4,0,0
2,2,"feb","fri",4.47278099794235,13.2,43,1.84054963339749,12.3,51,0.9,0,0
2,2,"mar","sun",4.50313746042294,51.3,102.2,2.36085400111802,11.5,39,5.8,0,0
2,2,"mar","sun",4.50313746042294,51.3,102.2,2.36085400111802,5.5,59,6.3,0,0
2,2,"aug","thu",4.54329478227,75.3,466.6,2.16332302566054,18.8,35,4.9,0,0
2,2,"aug","sun",4.51305489708029,99.6,631.2,1.98787434815435,20.8,33,2.7,0,0
2,2,"aug","mon",4.52287494326126,103.2,638.8,1.91692261218206,23.1,31,3.1,0,0
2,2,"aug","thu",4.52936847257181,114.3,661.3,1.98787434815435,18.6,44,4.5,0,0
2,2,"sep","fri",4.5368913452348,117.9,668,2.58021682959233,23,37,4.5,0,0
2,2,"sep","fri",4.5368913452348,117.9,668,2.58021682959233,19.6,33,5.4,0,0
2,2,"sep","fri",4.5368913452348,117.9,668,2.58021682959233,19.6,33,6.3,0,0
4,5,"mar","fri",4.52936847257181,33.3,77.5,2.30258509299405,17.2,26,4.5,0,0
4,5,"mar","fri",4.52396013056255,48.3,97.8,2.60268968544438,15.8,27,7.6,0,0
4,5,"sep","fri",4.55702981066016,85.1,692.3,2.82731362192903,17.7,37,3.6,0,0
5,4,"mar","fri",4.52936847257181,33.3,77.5,2.30258509299405,15.6,25,6.3,0,0
5,4,"aug","tue",4.49758497530815,147.3,614.5,2.30258509299405,17.3,43,4.5,0,0
5,4,"sep","fri",4.54648118963941,141.2,713.9,2.70136121295141,27.6,30,1.3,0,0
9,9,"feb","thu",4.44500143383527,6.8,26.6,2.16332302566054,6.7,79,3.1,0,0
9,9,"feb","fri",4.47278099794235,13.2,43,1.84054963339749,15.7,43,3.1,0,0
1,3,"mar","mon",4.48413185761104,52.2,103.8,1.79175946922805,8.3,72,3.1,0,0
1,2,"aug","fri",4.51195780426591,108,529.8,2.60268968544438,14.7,66,2.7,0,0
1,2,"aug","tue",4.52178857704904,121.2,561.6,2.07944154167984,21.6,19,6.7,0,0
1,2,"aug","sun",4.52612697864764,142.4,601.4,2.45100509811232,19.5,39,6.3,0,0
1,2,"aug","sun",4.51305489708029,99.6,631.2,1.98787434815435,17.9,44,2.2,0,0
1,2,"aug","tue",4.56226268497681,108.3,647.1,2.89037175789616,18.6,51,4.5,0,0
1,2,"aug","wed",4.53367418428302,111.2,654.1,2.36085400111802,16.6,47,0.9,0,0
1,2,"aug","thu",4.52936847257181,114.3,661.3,1.98787434815435,20.2,45,3.6,0,0
1,2,"sep","thu",4.54223038621422,137,706.4,2.32238772029023,21.5,15,0.9,0,0
1,2,"sep","thu",4.54223038621422,137,706.4,2.32238772029023,25.4,27,2.2,0,0
1,2,"sep","thu",4.54223038621422,137,706.4,2.32238772029023,22.4,34,2.2,0,0
1,2,"sep","sun",4.5485998344997,149.3,728.6,2.2082744135228,25.3,36,3.6,0,0
6,5,"mar","sat",4.52936847257181,35.8,80.8,2.17475172148416,17.4,25,4.9,0,0
6,5,"aug","sat",4.51305489708029,96.9,624.2,2.29253475714054,14.7,59,5.8,0,0
8,6,"mar","fri",4.52936847257181,35.8,80.8,2.17475172148416,17.4,24,5.4,0,0
8,6,"aug","sun",4.5358201078533,85.3,488,2.75366071235426,20.8,32,6.3,0,0
8,6,"aug","sun",4.52612697864764,142.4,601.4,2.45100509811232,18.2,43,4.9,0,0
8,6,"aug","mon",4.52287494326126,103.2,638.8,1.91692261218206,23.4,22,2.7,0,0
4,4,"sep","sun",4.50755735712109,90,704.4,1.75785791755237,17.8,64,1.3,0,0
3,4,"feb","sat",4.4414740933173,8,30.2,1.28093384546206,12.7,48,1.8,0,0
3,4,"mar","sat",4.24849524204936,2.4,15.5,0.53062825106217,17.4,24,5.4,0,0
3,4,"aug","sun",4.52612697864764,142.4,601.4,2.45100509811232,11.6,87,4.5,0,0
3,4,"aug","sun",4.52612697864764,142.4,601.4,2.45100509811232,19.8,39,5.4,0,0
3,4,"aug","sun",4.52612697864764,142.4,601.4,2.45100509811232,19.8,39,5.4,0,0
3,4,"aug","tue",4.49758497530815,147.3,614.5,2.30258509299405,14.4,66,5.4,0,0
2,4,"aug","tue",4.56226268497681,108.3,647.1,2.89037175789616,20.1,40,4,0,0
2,4,"sep","sat",4.53796143629464,121.1,674.4,2.26176309847379,24.1,29,4.5,0,0
2,4,"jan","sat",4.4200447018614,3.7,9.3,1.3609765531356,5.3,78,3.1,0,0
4,5,"mar","fri",4.46475803227135,19.5,57.3,1.33500106673234,12.7,52,6.3,0,0
4,5,"mar","thu",4.52612697864764,30.7,74.3,2.14006616349627,18.2,29,3.1,0,0
4,5,"aug","sun",4.51305489708029,99.6,631.2,1.98787434815435,21.4,33,3.1,0,0
4,5,"sep","sat",4.53796143629464,88,698.6,2.09186406167839,20.3,45,3.1,0,0
4,5,"sep","mon",4.49535531998088,91.8,709.9,2.09186406167839,17.4,56,5.4,0,0
4,4,"mar","fri",4.46475803227135,19.5,57.3,1.33500106673234,13.7,43,5.8,0,0
3,4,"mar","fri",4.52936847257181,33.3,77.5,2.30258509299405,18.8,18,4.5,0,0
3,4,"sep","sun",4.50755735712109,90,704.4,1.75785791755237,22.8,39,3.6,0,0
3,4,"sep","mon",4.53044663979215,78.5,724.3,2.32238772029023,18.9,35,2.7,0,0
3,4,"mar","tue",4.48975933447676,25.7,67.6,1.56861591791385,15.8,27,7.6,0,0
3,5,"mar","tue",4.48975933447676,25.7,67.6,1.56861591791385,15.5,27,6.3,0,0
3,4,"mar","sat",4.52936847257181,35.8,80.8,2.17475172148416,11.6,30,6.3,0,0
3,4,"mar","sat",4.52936847257181,35.8,80.8,2.17475172148416,15.2,27,4.9,0,0
3,4,"mar","mon",4.51195780426591,39.7,86.6,1.97408102602201,10.6,30,4,0,0
3,4,"aug","thu",4.54329478227,75.3,466.6,2.16332302566054,19.6,36,3.1,0,0
3,4,"aug","mon",4.52720864451838,145.4,608.2,2.45958884180371,10.3,74,2.2,0,0
3,4,"aug","mon",4.52720864451838,145.4,608.2,2.45958884180371,17.1,43,5.4,0,0
3,4,"sep","sun",4.5368913452348,124.1,680.7,2.2512917986065,22.5,42,5.4,0,0
3,4,"sep","tue",4.44734610079452,73.4,671.9,1.43508452528932,17.9,45,3.1,0,0
3,4,"sep","fri",4.55702981066016,85.1,692.3,2.82731362192903,19.8,50,5.4,0,0
3,4,"oct","sun",4.53903038348355,46.5,691.8,2.28238238567653,20.6,24,5.4,0,0
3,5,"mar","mon",4.48413185761104,52.2,103.8,1.79175946922805,9,49,2.2,0,0
3,5,"sep","fri",4.5485998344997,149.3,728.6,2.2082744135228,17.2,43,3.1,0,0
3,5,"oct","wed",4.52612697864764,37.9,673.8,1.82454929205105,15.9,46,3.6,0,0
2,5,"oct","sun",4.53903038348355,46.5,691.8,2.28238238567653,15.4,35,0.9,0,0
4,6,"feb","sat",4.23700086262362,21.5,87.2,0.587786664902119,15.4,40,2.7,0,0
4,6,"mar","mon",4.47960696301275,23.9,64.7,1.62924053973028,14,39,3.1,0,0
4,6,"mar","sun",4.50313746042294,51.3,102.2,2.36085400111802,10.6,46,4.9,0,0
4,6,"sep","thu",4.55071400019203,80.9,685.2,2.9391619220656,17.6,42,3.1,0,0
3,5,"mar","tue",4.48975933447676,25.7,67.6,1.56861591791385,14.9,38,2.7,0,0
3,5,"aug","sat",4.5485998344997,139.4,594.2,3.05870707271538,17.6,52,5.8,0,0
3,6,"sep","sun",4.5368913452348,124.1,680.7,2.2512917986065,17.2,58,1.3,0,0
3,6,"sep","mon",4.52070102936164,126.5,686.5,2.07944154167984,15.6,66,3.1,0,0
9,9,"jul","tue",4.4636066216663,48.3,313.4,1.58923520511658,18,42,2.7,0,0.307484699747961
1,4,"sep","tue",4.52178857704904,129.5,692.6,2.07944154167984,21.7,38,2.2,0,0.357674444271816
2,5,"sep","mon",4.52070102936164,126.5,686.5,2.07944154167984,21.9,39,1.8,0,0.385262400790645
1,2,"aug","wed",4.56954300834494,99.9,513.3,2.65324196460721,23.3,31,4.5,0,0.438254930931155
8,6,"aug","fri",4.51195780426591,108,529.8,2.60268968544438,21.2,51,8.9,0,0.476234178996372
1,2,"jul","sat",4.51085950651685,51.3,296.3,2.27212588550934,16.6,53,5.4,0,0.536493370514568
2,5,"aug","wed",4.56954300834494,99.9,513.3,2.65324196460721,23.8,32,5.4,0,0.570979546585738
6,5,"aug","thu",4.56642935767166,131.7,578.8,2.43361335540045,27.4,22,4,0,0.641853886172395
5,4,"mar","mon",4.51195780426591,39.7,86.6,1.97408102602201,13.2,40,5.4,0,0.667829372575655
8,3,"sep","tue",4.44734610079452,73.4,671.9,1.43508452528932,24.2,28,3.6,0,0.672944473242426
2,2,"aug","tue",4.56226268497681,108.3,647.1,2.89037175789616,17.4,43,6.7,0,0.727548607277278
8,6,"sep","thu",4.55071400019203,80.9,685.2,2.9391619220656,23.7,25,4.5,0,0.751416088683921
6,5,"jun","fri",4.53796143629464,56.4,433.3,2.09186406167839,23.2,39,5.4,0,0.783901543828409
9,9,"jul","sun",4.51195780426591,68.6,355.2,2.10413415427021,24.8,29,2.2,0,0.858661619037519
3,4,"jul","sat",4.51195780426591,51.2,424.1,1.97408102602201,24.6,43,1.8,0,0.887891257352457
5,4,"sep","fri",4.55702981066016,85.1,692.3,2.82731362192903,20.1,47,4.9,0,0.900161349944271
1,5,"sep","sat",4.54754107315146,145.4,721.4,2.2082744135228,29.6,27,2.7,0,0.900161349944271
7,4,"aug","sun",4.56226268497681,108.3,647.1,2.89037175789616,16.4,47,1.3,0,0.940007258491471
2,4,"sep","sat",4.54754107315146,145.4,721.4,2.2082744135228,28.6,27,2.2,0,0.959350221334602
2,2,"aug","wed",4.53367418428302,111.2,654.1,2.36085400111802,18.4,45,3.6,0,0.966983846189673
2,4,"aug","wed",4.53367418428302,111.2,654.1,2.36085400111802,20.5,35,4,0,0.970778917158225
7,4,"sep","fri",4.5368913452348,117.9,668,2.58021682959233,19,34,5.8,0,0.989541193613748
7,4,"mar","mon",4.51195780426591,39.7,86.6,1.97408102602201,16.1,29,3.1,0,1.01160091167848
6,4,"aug","thu",4.56642935767166,131.7,578.8,2.43361335540045,20.3,41,4,0,1.06471073699243
6,3,"mar","sat",4.51743127168008,50.1,100.4,2.17475172148416,15.2,31,8.5,0,1.07840958135059
8,6,"sep","sat",4.53796143629464,121.1,674.4,2.26176309847379,17.8,56,1.8,0,1.08180517035173
8,5,"sep","sun",4.50755735712109,90,704.4,1.75785791755237,17.8,67,2.2,0,1.10194007876078
6,5,"mar","thu",4.45318382899021,18.2,55,1.38629436111989,5.3,70,4.5,0,1.14422279992016
6,5,"aug","wed",4.53367418428302,111.2,654.1,2.36085400111802,16.6,47,0.9,0,1.19088756477728
6,5,"aug","wed",4.57471097850338,127.1,570.5,2.86220088092947,23.4,33,4.5,0,1.25561603747777
6,5,"mar","fri",4.52396013056255,48.3,97.8,2.60268968544438,14.6,26,9.4,0,1.26129787094521
8,6,"aug","thu",4.56642935767166,131.7,578.8,2.43361335540045,20.7,45,2.2,0,1.26694760348732
5,4,"sep","wed",4.54223038621422,133.3,699.6,2.32238772029023,21.9,35,1.8,0,1.27256559579155
8,6,"aug","wed",4.46129981556839,90.4,609.6,2.02814824729229,17.4,50,4,0,1.30562645805244
7,4,"aug","sun",4.52612697864764,142.4,601.4,2.45100509811232,20.1,39,5.4,0,1.31908561142644
4,4,"sep","mon",4.52070102936164,126.5,686.5,2.07944154167984,17.7,39,2.2,0,1.4036429994545
1,4,"aug","sat",4.51305489708029,96.9,624.2,2.29253475714054,14.2,53,1.8,0,1.50407739677627
1,4,"aug","sat",4.51305489708029,96.9,624.2,2.29253475714054,20.3,39,4.9,0,1.71018781553424
6,5,"apr","thu",4.41279829334063,9.1,55.2,1.30833281965018,5.8,54,5.8,0,1.72455071953461
2,5,"aug","sun",4.51305489708029,99.6,631.2,1.98787434815435,19.2,44,2.7,0,1.73871024813824
2,5,"sep","wed",4.51195780426591,82.9,735.7,1.97408102602201,18.3,45,2.2,0,1.77155676191054
8,6,"aug","tue",4.49758497530815,147.3,614.5,2.30258509299405,14.4,66,5.4,0,1.82937633279936
1,3,"sep","sun",4.5368913452348,124.1,680.7,2.2512917986065,23.9,32,6.7,0,1.84530023615608
8,6,"oct","mon",4.45318382899021,32.8,664.2,1.38629436111989,19.1,32,4,0,1.86252854011626
5,4,"feb","sun",4.47506150064107,15.6,48.3,1.58923520511658,12.4,53,2.2,0,1.99877363861238
7,4,"oct","mon",4.52936847257181,48.5,696.1,2.4932054526027,16.8,45,4.5,0,2.05796251000271
8,6,"aug","fri",4.55282370561588,135.7,586.7,2.77881927199042,20.8,34,4.9,0,2.07442899985629
2,5,"sep","tue",4.52178857704904,129.5,692.6,2.07944154167984,17.6,46,3.1,0,2.08442908319087
8,6,"mar","sun",4.50313746042294,51.3,102.2,2.36085400111802,11.5,39,5.8,0,2.10291389786498
1,5,"sep","mon",4.52070102936164,126.5,686.5,2.07944154167984,21,42,2.2,0,2.11625551480255
6,4,"mar","sat",4.51961229762644,41.9,89.4,2.18605127673809,13.3,42,0.9,0,2.12823170584927
7,4,"mar","sun",4.51852237926242,44,92.4,1.87180217690159,11.5,60,4,0,2.22354188565359
6,5,"mar","fri",4.52396013056255,48.3,97.8,2.60268968544438,11.7,33,4,0,2.23108909128898
2,5,"aug","thu",4.56642935767166,131.7,578.8,2.43361335540045,24.2,28,2.7,0,2.27006190128849
2,2,"aug","tue",4.56226268497681,108.3,647.1,2.89037175789616,24.6,22,4.5,0,2.27315628230323
4,5,"sep","wed",4.54223038621422,133.3,699.6,2.32238772029023,24.3,25,4,0,2.34276688262688
2,2,"aug","tue",4.56226268497681,108.3,647.1,2.89037175789616,24.6,22,4.5,0,2.39880395073459
2,5,"aug","fri",4.55282370561588,135.7,586.7,2.77881927199042,23.5,36,5.4,0,2.39971180372477
6,5,"apr","thu",4.41279829334063,9.1,55.2,1.30833281965018,5.8,54,5.8,0,2.47905623610982
4,5,"sep","thu",4.54223038621422,137,706.4,2.32238772029023,21.5,15,0.9,0,2.48989419129904
3,4,"sep","tue",4.52178857704904,129.5,692.6,2.07944154167984,13.9,59,6.3,0,2.50470927708418
2,4,"sep","mon",4.16666522380173,70.8,665.3,0.587786664902119,22.6,38,3.6,0,2.51122395810537
1,5,"sep","tue",4.52178857704904,129.5,692.6,2.07944154167984,21.6,33,2.2,0,2.52812576890798
6,5,"mar","sun",4.51195780426591,37.6,83.7,2.10413415427021,12.4,54,3.6,0,2.57261223020711
7,4,"feb","sun",4.4414740933173,8.7,32.1,1.1314021114911,8.8,68,2.2,0,2.64262239577975
8,6,"oct","wed",4.52612697864764,37.9,673.8,1.82454929205105,20.2,37,2.7,0,2.68784749378469
5,6,"mar","sat",4.51743127168008,50.1,100.4,2.17475172148416,15.1,64,4,0,2.70738331211451
4,5,"sep","thu",4.54223038621422,137,706.4,2.32238772029023,22.1,34,1.8,0,2.74534598584591
2,2,"aug","sat",4.5485998344997,139.4,594.2,3.05870707271538,22.9,31,7.2,0,2.80032547721138
7,5,"sep","tue",4.52178857704904,129.5,692.6,2.07944154167984,20.7,37,2.2,0,2.90142159408275
6,5,"sep","fri",4.5368913452348,117.9,668,2.58021682959233,19.6,33,6.3,0,3.00716665117965
8,3,"sep","thu",4.55071400019203,80.9,685.2,2.9391619220656,23.2,26,4.9,0,3.19499288440487
4,4,"oct","sat",4.51743127168008,43.7,686.9,2.04122032885964,18.4,25,3.1,0,3.22803376265297
7,4,"aug","sat",4.5485998344997,139.4,594.2,3.05870707271538,5.1,96,5.8,0,3.29583686600433
7,4,"sep","fri",4.55702981066016,85.1,692.3,2.82731362192903,20.1,47,4.9,0,3.30064012667084
7,3,"mar","mon",4.48413185761104,52.2,103.8,1.79175946922805,11,46,5.8,0,3.34462703017376
4,4,"mar","sat",4.52936847257181,35.8,80.8,2.17475172148416,17,27,4.9,0,3.38979933670979
4,4,"mar","sat",4.52936847257181,35.8,80.8,2.17475172148416,17,27,4.9,0,3.38979933670979
4,4,"sep","sun",4.5368913452348,124.1,680.7,2.2512917986065,16.9,60,1.3,0,3.41707073081845
1,3,"sep","mon",4.49535531998088,91.8,709.9,2.09186406167839,12.4,73,6.3,0,3.4442568711226
4,5,"sep","wed",4.54223038621422,133.3,699.6,2.32238772029023,19.4,19,1.3,0,3.48798651173455
6,5,"mar","mon",4.51195780426591,39.7,86.6,1.97408102602201,15.2,27,3.1,0,3.49225611260912
8,6,"aug","sun",4.51305489708029,99.6,631.2,1.98787434815435,16.2,59,3.1,0,3.4986265269937
3,4,"sep","fri",4.54648118963941,141.2,713.9,2.70136121295141,18.6,49,3.6,0,3.60766939868839
4,3,"mar","mon",4.48413185761104,52.2,103.8,1.79175946922805,11,46,5.8,0,3.63363097988346
2,2,"jul","fri",4.49200148788245,150.3,309.9,2.05412373369555,13.4,79,3.6,0,3.63811233706028
7,4,"sep","wed",4.51195780426591,82.9,735.7,1.97408102602201,15.4,57,4.5,0,3.65609796458956
4,4,"sep","sun",4.5485998344997,149.3,728.6,2.2082744135228,22.9,39,4.9,0,3.902982260776
7,5,"oct","mon",4.52936847257181,48.5,696.1,2.4932054526027,16.1,44,4,0,3.91939575975756
8,6,"aug","sat",4.53474772169155,81.8,480.8,2.55722731136763,20.1,34,4.5,0,4.08260930600368
4,6,"sep","sun",4.5485998344997,149.3,728.6,2.2082744135228,28.3,26,3.1,0,4.17592454921452
8,6,"aug","sat",4.53474772169155,81.8,480.8,2.55722731136763,16.4,43,4,0,4.28082412916472
4,4,"sep","wed",4.54223038621422,133.3,699.6,2.32238772029023,26.4,21,4.5,0,4.49412688719477
1,5,"sep","sun",4.5485998344997,149.3,728.6,2.2082744135228,27.8,27,3.1,0,4.56622143584952
6,4,"sep","tue",4.52178857704904,129.5,692.6,2.07944154167984,18.7,43,2.7,0,4.64813388542021
9,4,"sep","tue",4.44734610079452,73.4,671.9,1.43508452528932,24.3,36,3.1,0,4.66964620517246
4,5,"sep","sat",4.53796143629464,121.1,674.4,2.26176309847379,17.7,25,3.1,0,5.04908648047051
8,6,"aug","sun",4.52612697864764,142.4,601.4,2.45100509811232,19.6,41,5.8,0,5.28563731339066
2,2,"sep","sat",4.53796143629464,121.1,674.4,2.26176309847379,18.2,46,1.8,0,5.30797062357617
1,2,"sep","tue",4.52178857704904,129.5,692.6,2.07944154167984,18.8,40,2.2,0,5.36541511008053
6,5,"sep","sat",4.53796143629464,121.1,674.4,2.26176309847379,25.1,27,4,0,6.99561962542321
7,5,"apr","sun",4.41763506214125,3,7.9,1.50407739677627,13.4,75,1.8,0,0
6,3,"apr","wed",4.48863636973214,17.2,43.5,1.56861591791385,15.2,51,2.7,0,0
4,4,"apr","fri",4.43081679884331,23.3,85.3,1.19392246847243,16.7,20,3.1,0,0
2,4,"aug","sun",4.55597994179732,122.3,589.9,2.63188884013665,15.4,66,4,0,2.40964416528745
7,4,"aug","sun",4.53044663979215,175.1,700.7,2.69462718077007,21.9,73,7.6,0.693147180559945,0
2,4,"aug","sun",4.53044663979215,175.1,700.7,2.69462718077007,22.4,54,7.6,0,1.35325450704169
3,4,"aug","sun",4.53044663979215,175.1,700.7,2.69462718077007,26.8,38,6.3,0,0.56531380905006
5,4,"aug","sun",4.53044663979215,175.1,700.7,2.69462718077007,25.7,39,5.4,0,0.0861776962410524
2,4,"aug","wed",4.53474772169155,91.6,503.6,2.36085400111802,20.7,70,2.2,0,0.559615787935423
8,6,"aug","wed",4.54435804659133,157.3,666.7,2.67414864942653,28.7,28,2.7,0,0
3,4,"aug","wed",4.54435804659133,157.3,666.7,2.67414864942653,21.7,40,0.4,0,1.24415459395877
8,5,"aug","wed",4.54435804659133,157.3,666.7,2.67414864942653,26.8,25,3.1,0,0.518793793415168
8,5,"aug","wed",4.54435804659133,157.3,666.7,2.67414864942653,24,36,3.1,0,0.215111379616945
6,5,"aug","wed",4.54435804659133,157.3,666.7,2.67414864942653,22.1,37,3.6,0,0.19062035960865
7,4,"aug","thu",4.53152364581979,109.2,565.5,2.19722457733622,21.4,38,2.7,0,0.924258901523332
6,3,"aug","thu",4.52828914165213,138.1,621.7,1.98787434815435,18.9,41,3.1,0,2.42833629829961
2,5,"aug","thu",4.48300255201388,77,694.8,1.79175946922805,22.3,46,4,0,0
8,6,"aug","sat",4.55597994179732,117.2,581.1,2.484906649788,23.9,41,2.2,0,2.19944433407453
4,3,"aug","sat",4.55597994179732,117.2,581.1,2.484906649788,21.4,44,2.7,0,0.518793793415168
3,4,"aug","sat",4.53044663979215,170.9,692.3,2.68784749378469,20.6,59,0.9,0,0
7,4,"aug","sat",4.53044663979215,170.9,692.3,2.68784749378469,23.7,40,1.8,0,0.867100487683383
2,4,"aug","mon",4.54965747605783,97.9,542,2.73436750941958,28.3,32,4,0,2.287471455184
3,4,"aug","fri",4.52828914165213,112.4,573,2.29253475714054,11.2,84,7.6,0,1.45861502269952
2,4,"aug","fri",4.52828914165213,112.4,573,2.29253475714054,21.4,42,3.1,0,1.65822807660353
6,3,"aug","fri",4.52287494326126,141.1,629.1,2.09186406167839,19.3,39,3.6,0,0.940007258491471
4,4,"aug","fri",4.55702981066016,167.6,684.4,2.63905732961526,21.8,53,3.1,0,2.02022218201986
4,4,"aug","tue",4.55071400019203,102.2,550.3,2.74727091425549,22.1,54,7.6,0,0.582215619852664
6,5,"aug","tue",4.55702981066016,131.7,607.1,3.16547504814109,19.4,55,4,0,0.157003748809665
2,2,"aug","tue",4.53367418428302,152.6,658.2,2.72785282839839,23.7,24,3.1,0,0
3,4,"aug","tue",4.53367418428302,152.6,658.2,2.72785282839839,21,32,3.1,0,0
4,4,"aug","tue",4.53367418428302,152.6,658.2,2.72785282839839,19.1,53,2.7,0,1.68639895357023
2,2,"aug","tue",4.53367418428302,152.6,658.2,2.72785282839839,21.8,56,3.1,0,0.418710334858185
8,6,"aug","tue",4.53367418428302,152.6,658.2,2.72785282839839,20.1,58,4.5,0,2.32922702394047
2,5,"aug","tue",4.53367418428302,152.6,658.2,2.72785282839839,20.2,47,4,0,1.40854497005471
4,6,"dec","sun",4.44734610079452,27.2,353.5,2.05412373369555,4.8,57,8.5,0,2.30058309032337
8,6,"dec","wed",4.44265125649032,27.8,354.6,1.84054963339749,5.1,61,8,0,2.50061594349318
4,6,"dec","thu",4.4496852831477,26.4,352,1.09861228866811,5.1,61,4.9,0,1.8531680973567
4,4,"dec","mon",4.45898767581001,25.4,349.7,1.28093384546206,4.6,21,8.5,0,2.93651291389402
3,4,"dec","mon",4.45898767581001,25.4,349.7,1.28093384546206,4.6,21,8.5,0,2.46214966266538
4,4,"dec","mon",4.45898767581001,25.4,349.7,1.28093384546206,4.6,21,8.5,0,3.13679771383259
4,4,"dec","mon",4.45898767581001,25.4,349.7,1.28093384546206,4.6,21,8.5,0,2.3767644911683
4,6,"dec","fri",4.45085282560373,26.7,352.6,1.62924053973028,2.2,59,4.9,0,2.32922702394047
6,5,"dec","tue",4.45898767581001,25.4,349.7,1.28093384546206,5.1,24,8.5,0,3.24921102466427
6,3,"feb","sun",4.45318382899021,27.5,353.5,1.48160454092422,4.2,51,4,0,0
3,4,"feb","wed",4.47619980469113,6.6,18.7,1.43508452528932,8.8,35,3.1,0,0.741937344729377
5,4,"feb","fri",4.45667017766965,4.9,15.8,1.98787434815435,7.5,46,8,0,3.22843003767301
2,5,"jul","sun",4.55282370561588,169.7,411.8,2.58776403522771,23.4,40,6.3,0,0
7,6,"jul","wed",4.52396013056255,183.1,437.7,2.60268968544438,12.6,90,7.6,0.182321556793955,0
7,4,"jul","sat",4.52828914165213,104.2,474.9,2.30258509299405,22.1,49,2.7,0,0
7,4,"jul","sat",4.52828914165213,104.2,474.9,2.30258509299405,24.2,32,1.8,0,0
7,4,"jul","sat",4.52828914165213,104.2,474.9,2.30258509299405,24.3,30,1.8,0,0
2,5,"jul","sat",4.52828914165213,104.2,474.9,2.30258509299405,18.7,53,1.8,0,0
9,4,"jul","sat",4.52828914165213,104.2,474.9,2.30258509299405,25.3,39,0.9,0,2.19722457733622
4,5,"jul","fri",4.52828914165213,100.2,466.3,1.98787434815435,22.9,40,1.3,0,1.29198368164865
7,6,"jul","tue",4.54435804659133,180.4,430.8,2.484906649788,26.9,28,5.4,0,4.47106720146461
8,6,"jul","tue",4.5358201078533,88.8,440.9,2.2512917986065,17.1,67,3.6,0,2.02419306744936
7,5,"jun","sun",4.54435804659133,180.4,430.8,2.484906649788,22.2,48,1.3,0,0
6,4,"jun","sun",4.5152454784601,89.5,290.8,2.00148000021012,14.3,46,1.8,0,0.641853886172395
8,6,"jun","sun",4.5152454784601,89.5,290.8,2.00148000021012,15.4,45,2.2,0,0
8,6,"jun","wed",4.52396013056255,147.8,377.2,2.61739583283408,19.6,43,4.9,0,0
6,5,"jun","sat",3.9963641538619,71,233.8,0.336472236621213,10.6,90,2.7,0,0
6,5,"jun","mon",4.5152454784601,93.3,298.1,2.14006616349627,20.7,25,4.9,0,0
6,5,"jun","mon",4.5152454784601,93.3,298.1,2.14006616349627,19.1,39,5.4,0,1.50851199384414
3,6,"jun","fri",4.52287494326126,94.1,232.1,2.09186406167839,19.2,38,4.5,0,0
3,6,"jun","fri",4.52287494326126,94.1,232.1,2.09186406167839,19.2,38,4.5,0,0
6,5,"may","sat",4.45550941143368,28,113.8,1.50407739677627,11.3,94,4.9,0,0
1,4,"sep","sun",4.50645421304893,84.1,714.3,1.90210752639692,19,52,2.2,0,0
7,4,"sep","sun",4.50645421304893,84.1,714.3,1.90210752639692,17.1,53,5.4,0,0.343589704390077
3,4,"sep","sun",4.50645421304893,84.1,714.3,1.90210752639692,23.8,35,3.6,0,1.8213182714696
2,4,"sep","sun",4.5368913452348,105.8,758.1,2.3887627892351,16,45,1.8,0,0
2,4,"sep","sun",4.5368913452348,105.8,758.1,2.3887627892351,24.9,27,2.2,0,0
7,4,"sep","sun",4.5368913452348,105.8,758.1,2.3887627892351,25.3,27,2.7,0,0
6,3,"sep","sun",4.5368913452348,105.8,758.1,2.3887627892351,24.8,28,1.8,0,2.72719901994097
2,4,"sep","sun",3.93963817246112,46.2,706.6,0.336472236621213,12.2,78,6.3,0,0
6,5,"sep","wed",4.53903038348355,115.4,777.1,2.28238238567653,24.3,27,4.9,0,0
4,4,"sep","wed",4.53903038348355,115.4,777.1,2.28238238567653,19.7,41,1.8,0,0.947789398933526
3,4,"sep","wed",4.52396013056255,134.7,817.5,2.10413415427021,18.5,30,2.7,0,0
4,5,"sep","thu",4.5368913452348,96.2,739.4,2.26176309847379,18.6,24,5.8,0,0
4,4,"sep","thu",4.5368913452348,96.2,739.4,2.26176309847379,19.2,24,4.9,0,1.56444054650336
6,5,"sep","thu",4.54116485601218,119,783.5,2.14006616349627,21.6,27,2.2,0,0
5,4,"sep","thu",4.54116485601218,119,783.5,2.14006616349627,21.6,28,6.3,0,1.68824909285839
6,3,"sep","thu",4.54116485601218,119,783.5,2.14006616349627,18.9,34,7.2,0,3.56558123776944
1,4,"sep","thu",4.54116485601218,119,783.5,2.14006616349627,16.8,28,4,0,2.10535292346434
6,5,"sep","thu",4.54116485601218,119,783.5,2.14006616349627,16.8,28,4,0,0.698134722070984
3,5,"sep","thu",4.51852237926242,136.9,822.8,2.05412373369555,12.9,39,2.7,0,1.15688119679209
6,5,"sep","thu",4.48975933447676,53.3,726.9,1.85629799036563,13.7,56,1.8,0,1.69009581545155
1,4,"sep","sat",4.53474772169155,102.3,751.5,2.24070968927596,24.2,27,3.1,0,0
5,4,"sep","sat",4.53474772169155,102.3,751.5,2.24070968927596,24.1,27,3.1,0,0
6,5,"sep","sat",4.53474772169155,102.3,751.5,2.24070968927596,21.2,32,2.2,0,0
6,5,"sep","sat",4.53474772169155,102.3,751.5,2.24070968927596,19.7,35,1.8,0,0
4,3,"sep","sat",4.53474772169155,102.3,751.5,2.24070968927596,23.5,27,4,0,1.4655675420144
3,3,"sep","sat",4.53474772169155,102.3,751.5,2.24070968927596,24.2,27,3.1,0,2.02551319965428
7,4,"sep","sat",4.52396013056255,124.4,795.3,2.2512917986065,21.5,28,4.5,0,2.81180943539306
4,4,"sep","sat",4.52396013056255,124.4,795.3,2.2512917986065,17.1,41,2.2,0,2.50307395374345
1,4,"sep","mon",4.53367418428302,87.7,721.1,2.35137525716348,18.1,54,3.1,0,1.14103300455206
2,3,"sep","mon",4.52828914165213,108.4,764,1.97408102602201,18,51,5.4,0,0
4,3,"sep","mon",4.52828914165213,108.4,764,1.97408102602201,9.8,86,1.8,0,0
7,4,"sep","mon",4.52828914165213,108.4,764,1.97408102602201,19.3,44,2.2,0,0
6,3,"sep","mon",4.52828914165213,108.4,764,1.97408102602201,23,34,2.2,0,4.04375277610604
8,6,"sep","mon",4.52828914165213,108.4,764,1.97408102602201,22.7,35,2.2,0,2.13771044980381
2,4,"sep","mon",4.52828914165213,108.4,764,1.97408102602201,20.4,41,1.8,0,0.904218150639886
2,5,"sep","mon",4.52828914165213,108.4,764,1.97408102602201,19.3,44,2.2,0,1.5953389880546
8,6,"sep","mon",4.53152364581979,111.7,770.3,2.01490302054226,15.7,51,2.2,0,0
6,3,"sep","mon",4.52720864451838,130.1,807.1,2.14006616349627,20.6,37,1.8,0,0
8,6,"sep","mon",4.52720864451838,130.1,807.1,2.14006616349627,15.9,51,4.5,0,1.15688119679209
6,3,"sep","mon",4.52720864451838,130.1,807.1,2.14006616349627,12.2,66,4.9,0,1.96009478404727
2,2,"sep","mon",4.52720864451838,130.1,807.1,2.14006616349627,16.8,43,3.1,0,1.9213246735827
1,4,"sep","mon",4.52720864451838,130.1,807.1,2.14006616349627,21.3,35,2.2,0,3.37382618486602
5,4,"sep","fri",4.53367418428302,99,745.3,2.36085400111802,10.1,75,3.6,0,0
3,4,"sep","fri",4.53367418428302,99,745.3,2.36085400111802,17.4,57,4.5,0,0
5,4,"sep","fri",4.53367418428302,99,745.3,2.36085400111802,12.8,64,3.6,0,0.970778917158225
5,4,"sep","fri",4.53367418428302,99,745.3,2.36085400111802,10.1,75,3.6,0,1.54968790802833
4,4,"sep","fri",4.53367418428302,99,745.3,2.36085400111802,15.4,53,6.3,0,2.11745960886736
7,4,"sep","fri",4.53367418428302,99,745.3,2.36085400111802,20.6,43,3.6,0,1.10856261952128
7,4,"sep","fri",4.53367418428302,99,745.3,2.36085400111802,19.8,47,2.7,0,1.00063188030791
7,4,"sep","fri",4.53367418428302,99,745.3,2.36085400111802,18.7,50,2.2,0,1.94161522477243
4,4,"sep","fri",4.53367418428302,99,745.3,2.36085400111802,20.8,35,4.9,0,2.64333388638252
4,4,"sep","fri",4.53367418428302,99,745.3,2.36085400111802,20.8,35,4.9,0,0.815364813284194
6,3,"sep","fri",4.53796143629464,122,789.7,2.41591377830105,15.9,55,3.6,0,0
6,3,"sep","fri",4.53796143629464,122,789.7,2.41591377830105,19.7,39,2.7,0,0
1,4,"sep","fri",4.53796143629464,122,789.7,2.41591377830105,21.1,39,2.2,0,2.21046980408624
6,5,"sep","fri",4.53796143629464,122,789.7,2.41591377830105,18.4,42,2.2,0,0.73716406597672
4,3,"sep","fri",4.53796143629464,122,789.7,2.41591377830105,17.3,45,4,0,1.59736533119983
7,4,"sep","fri",4.49088103958596,55.2,732.3,2.53369681395743,15.2,64,3.1,0,0.418710334858185
4,3,"sep","tue",4.53152364581979,111.7,770.3,2.01490302054226,15.9,53,2.2,0,1.36863942588117
6,5,"sep","tue",4.53152364581979,111.7,770.3,2.01490302054226,21.1,35,2.7,0,1.89461685466776
6,5,"sep","tue",4.53152364581979,111.7,770.3,2.01490302054226,19.6,45,3.1,0,3.04594998971461
4,5,"sep","tue",4.52287494326126,132.3,812.1,2.60268968544438,15.9,38,5.4,0,1.01160091167848
4,5,"sep","tue",4.52287494326126,132.3,812.1,2.60268968544438,16.4,27,3.6,0,0
6,5,"sep","sat",4.52396013056255,94.3,744.4,2.24070968927596,16.8,47,4.9,0,2.61300665241532
4,5,"sep","sun",4.52178857704904,276.3,825.1,2.09186406167839,13.8,77,7.6,0,0
7,4,"sep","sun",4.52178857704904,276.3,825.1,2.09186406167839,13.8,77,7.6,0,2.48989419129904
3,4,"jul","wed",4.53152364581979,133.6,520.5,2.19722457733622,14.2,58,4,0,0
4,5,"aug","sun",4.53259949315326,203.2,664.5,2.2082744135228,10.4,75,0.9,0,0
5,4,"aug","thu",4.56226268497681,222.4,698.6,2.70136121295141,20.3,42,2.7,0,0
6,5,"sep","fri",4.51415078760092,290,855.3,2.12823170584927,10.3,78,4,0,2.96010509591084
6,5,"sep","sat",4.52396013056255,94.3,744.4,2.24070968927596,15.4,57,4.9,0,3.69759139471596
8,6,"aug","mon",4.53367418428302,207,672.6,2.21920348405499,21.1,54,2.2,0,0
2,2,"aug","sat",4.55071400019203,231.1,715.1,2.24070968927596,21.9,42,2.2,0,5.16837950943364
6,5,"mar","thu",4.52070102936164,18.9,30.6,2.19722457733622,8.7,51,5.8,0,0
4,5,"jan","sun",2.98061863574394,1.1,171.4,0,5.2,100,0.9,0,0
5,4,"jul","wed",4.55071400019203,101.3,458.8,2.55722731136763,19.3,39,7.2,0,2.16676536985151
8,6,"aug","thu",4.51852237926242,194.1,643,2.05412373369555,16.2,63,2.7,0,2.85243910372751
8,6,"aug","wed",4.56642935767166,217.7,690,2.94443897916644,28.2,29,1.8,0,1.92570744173779
9,6,"aug","thu",4.52828914165213,248.4,753.8,1.98787434815435,20.5,58,2.7,0,3.78123071517812
8,4,"aug","sat",4.52828914165213,273.8,819.1,2.16332302566054,21.3,44,4.5,0,2.57870052907436
2,4,"aug","sun",4.52828914165213,181.3,613,2.15176220325946,20.9,50,2.2,0,2.83321334405622
3,4,"sep","sun",4.51633897228148,96.7,750.5,2.51769647261099,20.6,55,5.4,0,3.2422016501717
5,5,"mar","thu",4.52070102936164,18.9,30.6,2.19722457733622,11.6,48,5.4,0,0
6,4,"aug","fri",4.56226268497681,227,706.7,2.56494935746154,23.3,34,3.1,0,3.39249294103201
7,4,"aug","fri",4.56226268497681,227,706.7,2.56494935746154,23.3,34,3.1,0,0
7,4,"feb","mon",4.45085282560373,9.5,58.3,1.62924053973028,7.5,71,6.3,0,2.39425228151987
8,6,"sep","fri",4.52287494326126,91.3,738.1,2.10413415427021,20.7,46,2.7,0,3.43977686362963
1,3,"sep","sun",4.52178857704904,276.3,825.1,2.09186406167839,21.9,43,4,0,4.27332721775054
2,4,"mar","tue",4.54754107315146,15,25.6,2.51769647261099,15.2,19,7.6,0,0
6,5,"feb","mon",4.44382703557933,4.6,46.7,1.16315080980568,5.3,68,1.8,0,0
4,5,"feb","sun",4.45434729625351,9,56.9,1.50407739677627,10.1,62,1.8,0,3.96613233107518
4,3,"sep","sun",4.51633897228148,96.7,750.5,2.51769647261099,20.4,55,4.9,0,1.53471436623816
5,6,"aug","sun",4.52828914165213,181.3,613,2.15176220325946,24.3,33,3.6,0,1.53255686809814
1,2,"aug","sat",4.55071400019203,231.1,715.1,2.24070968927596,25.9,32,3.1,0,0
9,5,"jun","wed",4.54648118963941,49.5,297.7,2.70805020110221,28,34,4.5,0,0
9,5,"jun","wed",4.54648118963941,49.5,297.7,2.70805020110221,28,34,4.5,0,2.21484617868604
3,4,"sep","thu",4.52287494326126,88.2,731.7,2.23001440015921,22.8,46,4,0,1.78339121955754
9,9,"aug","fri",4.56226268497681,227,706.7,2.56494935746154,25,36,4,0,0
8,6,"aug","thu",4.51852237926242,194.1,643,2.05412373369555,21.3,41,3.6,0,0
2,4,"sep","wed",4.48751214251986,84.8,725.1,1.54756250871601,21.8,34,2.2,0,1.95160817016995
2,2,"aug","tue",4.56017282005736,212.1,680.9,2.35137525716348,27.9,27,2.2,0,0
6,5,"sep","sat",4.47847253294213,291.3,860.6,1.6094379124341,17,67,4.9,0,1.5993875765806
4,5,"feb","sat",4.45085282560373,8.2,55,1.3609765531356,14.2,46,4,0,0
4,3,"sep","fri",4.51415078760092,290,855.3,2.12823170584927,19.9,44,3.1,0,2.17475172148416
1,4,"jul","tue",4.5358201078533,96.2,450.2,2.57261223020711,23.4,31,5.4,0,0
6,3,"feb","fri",4.44382703557933,7.3,52.8,1.30833281965018,14.7,42,2.7,0,0
7,4,"feb","fri",4.4496852831477,3.2,43.6,1.45861502269952,8.2,53,9.4,0,1.7263316639056
9,4,"jul","mon",4.5358201078533,92.1,442.1,2.37954613413017,22.8,27,4.5,0,0.966983846189673
7,5,"aug","sat",4.55071400019203,231.1,715.1,2.24070968927596,26.4,33,3.6,0,0
5,4,"aug","sun",4.54965747605783,235.1,723.1,2.40694510831829,24.1,50,4,0,0
8,6,"aug","thu",4.56226268497681,222.4,698.6,2.70136121295141,27.5,27,4.9,0,6.61643994756459
6,3,"jul","tue",4.54009818924438,164.1,575.8,2.29253475714054,26.3,39,3.1,0,2.08193842187842
6,5,"mar","wed",4.54754107315146,17.3,28.3,2.3887627892351,13.8,24,5.8,0,0
2,4,"aug","sun",4.53259949315326,203.2,664.5,2.2082744135228,24.9,42,5.4,0,1.23547147138531
2,5,"aug","sun",4.52828914165213,181.3,613,2.15176220325946,24.8,36,4,0,1.39871688111845
8,8,"aug","wed",4.52936847257181,191.4,635.9,2.17475172148416,26.2,36,4.5,0,5.22982437010274
2,4,"aug","wed",4.56642935767166,217.7,690,2.94443897916644,30.8,19,4.5,0,0
8,6,"jul","sun",4.49869794147757,263.1,795.9,1.82454929205105,29.3,27,3.6,0,1.98787434815435
1,3,"sep","sat",4.52396013056255,94.3,744.4,2.24070968927596,22.3,48,4,0,0.542324290825362
8,6,"aug","sat",4.55071400019203,231.1,715.1,2.24070968927596,26.9,31,3.6,0,1.78507048107726
2,2,"aug","thu",4.52828914165213,248.4,753.8,1.98787434815435,20.4,56,2.2,0,0
8,6,"aug","thu",4.52828914165213,248.4,753.8,1.98787434815435,20.4,56,2.2,0,0
2,4,"aug","mon",4.53367418428302,207,672.6,2.21920348405499,27.9,33,2.2,0,1.20896034583698
1,3,"aug","thu",4.56226268497681,222.4,698.6,2.70136121295141,26.2,34,5.8,0,0
3,4,"aug","sun",4.52828914165213,181.3,613,2.15176220325946,24.6,44,4,0,1.43508452528932
7,4,"sep","thu",4.50755735712109,287.2,849.3,2.05412373369555,19.4,45,3.6,0,0
1,3,"aug","sat",4.53367418428302,178,605.3,2.36085400111802,23.3,40,4,0,1.99605993274078
8,6,"aug","thu",4.56226268497681,222.4,698.6,2.70136121295141,23.9,38,6.7,0,0
2,4,"aug","sun",4.54965747605783,235.1,723.1,2.40694510831829,20.9,66,4.9,0,2.79361608943186
1,4,"aug","fri",4.51743127168008,269.8,811.2,1.87180217690159,22.2,45,3.6,0,0
2,5,"jul","sat",4.51961229762644,84.7,376.6,1.88706964903238,23.8,51,1.8,0,0
8,6,"aug","mon",4.53367418428302,207,672.6,2.21920348405499,26.8,35,1.3,0,0.431782416425538
8,6,"aug","sat",4.50424426739813,253.6,768.4,2.37024374146786,14.2,73,2.7,0,0
2,5,"aug","sat",4.55071400019203,231.1,715.1,2.24070968927596,23.6,53,4,0,2.00552585872967
1,3,"sep","fri",4.52287494326126,91.3,738.1,2.10413415427021,19.1,46,2.2,0,0.285178942233662
5,4,"sep","fri",4.51415078760092,290,855.3,2.12823170584927,16.2,58,3.6,0,0
8,6,"aug","mon",4.53367418428302,207,672.6,2.21920348405499,25.5,29,1.8,0,0.802001585472027
6,5,"apr","mon",4.48751214251986,24.9,41.6,1.54756250871601,10.9,64,3.1,0,1.47017584510059
1,2,"jul","fri",4.51852237926242,80.9,368.3,2.87919845729804,14.8,78,8,0,0
2,5,"sep","fri",4.51415078760092,290,855.3,2.12823170584927,16.2,58,3.6,0,2.39425228151987
5,5,"aug","sun",4.55387689160054,47.9,100.7,2.45958884180371,17.3,80,4.5,0,0
6,5,"aug","sun",4.53259949315326,203.2,664.5,2.2082744135228,19.1,70,2.2,0,0
3,4,"mar","wed",4.54754107315146,17.3,28.3,2.3887627892351,8.9,35,8,0,0
7,4,"sep","wed",4.50755735712109,284.9,844,2.40694510831829,10.5,77,4,0,0
7,4,"aug","sun",4.52828914165213,181.3,613,2.15176220325946,19.3,61,4.9,0,0
4,5,"aug","wed",4.56642935767166,217.7,690,2.94443897916644,23.4,49,5.4,0,2.00552585872967
1,4,"aug","fri",4.51633897228148,196.8,649.9,2.85070650150373,11.8,88,4.9,0,2.37117788445966
7,4,"aug","mon",4.52720864451838,238.2,730.6,2.14006616349627,17.7,65,4,0,0
4,5,"aug","thu",4.50424426739813,266.2,803.3,1.88706964903238,17.4,54,3.1,0,0
3,4,"aug","thu",4.52828914165213,248.4,753.8,1.98787434815435,16.8,56,3.1,0,0
3,4,"jul","mon",4.56017282005736,160,567.2,2.87356463957978,17.9,48,2.7,0,0
2,4,"aug","thu",4.52828914165213,248.4,753.8,1.98787434815435,16.6,59,2.7,0,0
1,4,"aug","wed",4.52936847257181,191.4,635.9,2.17475172148416,19.9,50,4,0,4.42783617070518
8,6,"aug","sat",4.55071400019203,231.1,715.1,2.24070968927596,18.9,64,4.9,0,1.46325540225602
7,4,"aug","sat",4.52828914165213,273.8,819.1,2.16332302566054,15.5,72,8,0,1.07840958135059
2,5,"aug","sat",4.55071400019203,231.1,715.1,2.24070968927596,18.9,64,4.9,0,0
8,6,"aug","sat",4.55071400019203,231.1,715.1,2.24070968927596,18.9,64,4.9,0,0
1,4,"sep","sun",4.52178857704904,276.3,825.1,2.09186406167839,14.5,76,7.6,0,1.54968790802833
6,5,"feb","tue",4.33204826486764,4.4,16.2,1.06471073699243,4.6,82,6.3,0,1.85473426838944
6,4,"feb","tue",4.33204826486764,4.4,16.2,1.06471073699243,5.1,77,5.4,0,1.14422279992016
2,2,"feb","sat",4.38825718442452,3.6,15.3,1.02961941718116,4.6,59,0.9,0,2.05923883436232
6,5,"mar","mon",4.47960696301275,15.1,36.9,2.09186406167839,10.2,45,5.8,0,1.43031124653666
3,4,"mar","wed",4.51305489708029,18.5,41.1,2.11625551480255,11.2,41,5.4,0,1.87946504964716
6,5,"mar","thu",4.52504414150881,20.6,43.5,2.2512917986065,13.3,27,3.6,0,2.02946317187359
6,3,"apr","sun",4.52178857704904,14.6,25.6,2.58776403522771,13.7,33,9.4,0,4.1292289640756
5,4,"apr","sun",4.52178857704904,14.6,25.6,2.58776403522771,17.6,27,5.8,0,0
4,3,"may","fri",4.50645421304893,25.4,73.7,1.90210752639692,18,40,4,0,3.67579421456528
8,3,"jun","mon",4.49088103958596,96.2,229,1.7404661748405,14.3,79,4,0,1.07840958135059
9,4,"jun","sat",4.51633897228148,61.1,252.6,2.34180580614733,24.5,50,3.1,0,4.26717679299494
4,3,"jun","thu",4.54329478227,103.8,316.7,2.46809953147162,26.4,35,2.7,0,2.40514168131914
2,5,"jun","thu",4.55071400019203,121.7,350.2,2.94443897916644,22.7,40,9.4,0,1.43270073393405
4,3,"jul","thu",4.5485998344997,85.3,395,2.3887627892351,27.2,28,1.3,0,1.01523067972906
4,3,"jul","sun",4.55071400019203,101.3,423.4,2.75366071235426,26.1,45,4,0,2.12345842709661
7,4,"jul","sun",4.55071400019203,101.3,423.4,2.75366071235426,18.2,82,4.5,0,1.16627093714192
7,4,"jul","mon",4.50202942706858,103.9,431.6,2.00148000021012,22.6,57,4.9,0,5.63310962136115
9,9,"jul","thu",4.54542018158232,114.4,560,2.35137525716348,30.2,25,4.5,0,1.32175583998232
4,3,"jul","thu",4.54542018158232,114.4,560,2.35137525716348,30.2,22,4.9,0,0
3,4,"aug","sun",4.56330598188939,130.3,587.1,2.71469474382088,23.4,40,5.8,0,0.828551817566148
8,6,"aug","sun",4.56330598188939,130.3,587.1,2.71469474382088,31,27,5.4,0,0
2,5,"aug","sun",4.56330598188939,130.3,587.1,2.71469474382088,33.1,25,4,0,3.31163730494951
2,4,"aug","mon",4.56434819146784,135.5,596.3,3.10458667846607,30.6,28,3.6,0,1.12167756159911
5,4,"aug","tue",4.56538931597625,141.3,605.8,2.92852352386054,24.1,43,6.3,0,1.09861228866811
5,4,"aug","tue",4.56538931597625,141.3,605.8,2.92852352386054,26.4,34,3.6,0,2.85647020622048
4,4,"aug","tue",4.56538931597625,141.3,605.8,2.92852352386054,19.4,71,7.6,0,3.8649313978943
4,4,"aug","wed",4.56538931597625,141.3,605.8,2.92852352386054,20.6,58,1.3,0,0
4,4,"aug","wed",4.56538931597625,141.3,605.8,2.92852352386054,28.7,33,4,0,0
4,4,"aug","thu",4.57264699428253,152,624.1,2.69462718077007,32.4,21,4.5,0,0
1,3,"aug","fri",4.57367951889672,158,633.6,2.50959926237837,32.4,27,2.2,0,0
1,3,"aug","fri",4.57367951889672,158,633.6,2.50959926237837,27.5,29,4.5,0,3.79143604243903
6,6,"aug","sat",4.57471097850338,164,643,2.70805020110221,30.8,30,4.9,0,2.26072088889535
6,6,"aug","mon",4.57677071146639,175.5,661.8,2.87919845729804,23.9,42,2.2,0,0
4,5,"aug","mon",4.57677071146639,175.5,661.8,2.87919845729804,32.6,26,3.1,0,1.32707500145992
3,4,"aug","tue",4.57574137529728,181.1,671.2,2.72785282839839,32.3,27,2.2,0,2.75238601492226
6,5,"aug","tue",4.57574137529728,181.1,671.2,2.72785282839839,33.3,26,2.7,0,3.72665681844797
7,5,"aug","tue",4.57574137529728,181.1,671.2,2.72785282839839,27.3,63,4.9,2.00148000021012,2.46979301197795
8,6,"aug","tue",4.57574137529728,181.1,671.2,2.72785282839839,21.6,65,4.9,0.587786664902119,0
7,5,"aug","tue",4.57574137529728,181.1,671.2,2.72785282839839,21.6,65,4.9,0.587786664902119,0
4,4,"aug","tue",4.57574137529728,181.1,671.2,2.72785282839839,20.7,69,4.9,0.336472236621213,0
2,4,"aug","wed",4.55912624748668,139.4,689.1,3.04452243772342,29.2,30,4.9,0,1.08180517035173
4,3,"aug","wed",4.55912624748668,139.4,689.1,3.04452243772342,28.9,29,4.9,0,3.92375392830384
1,2,"aug","thu",4.52178857704904,163.2,744.4,2.40694510831829,26.7,35,1.8,0,1.91692261218206
1,2,"aug","fri",4.52178857704904,166.9,752.6,2.09186406167839,18.5,73,8.5,0,0
2,4,"aug","fri",4.52178857704904,166.9,752.6,2.09186406167839,25.9,41,3.6,0,0
1,2,"aug","fri",4.52178857704904,166.9,752.6,2.09186406167839,25.9,41,3.6,0,0
5,4,"aug","fri",4.52178857704904,166.9,752.6,2.09186406167839,21.1,71,7.6,0.8754687373539,1.15373158788919
6,5,"aug","fri",4.52178857704904,166.9,752.6,2.09186406167839,18.2,62,5.4,0,0.357674444271816
8,6,"aug","sun",4.41400968052693,56.7,665.6,1.06471073699243,27.8,35,2.7,0,0
4,3,"aug","sun",4.41400968052693,56.7,665.6,1.06471073699243,27.8,32,2.7,0,2.006870848845
2,4,"aug","sun",4.41400968052693,56.7,665.6,1.06471073699243,21.9,71,5.8,0,4.01259206034984
7,4,"aug","sun",4.41400968052693,56.7,665.6,1.06471073699243,21.2,70,6.7,0,2.49815187653802
1,4,"aug","sat",4.55807857845424,146,614.7,2.50959926237837,25.6,42,4,0,0
6,3,"nov","tue",4.38825718442452,3,106.7,0.741937344729377,11.8,31,4.5,0,0
