A_r_s (AA),A_r_val (AA),A_Z (elem_charge),A_eps_H (eV),A_eps_L (eV),A_EA (eV),A_IP (eV),A_EN (eV),B_r_s (AA),B_r_val (AA),B_Z (elem_charge),B_eps_H (eV),B_eps_L (eV),B_EA (eV),B_IP (eV),B_EN (eV),bulk_modulus (eV/AA^3)
2.19055,2.19055,56,-3.21433,-1.89674,1.09425,5.36251,3.22838,1.31705,1.31705,47,-4.37849,-4.37849,-1.18206,7.87468,3.34631,0.72331
2.19055,2.19055,56,-3.21433,-1.89674,1.09425,5.36251,3.22838,1.10775,1.39955,13,-2.5457,-2.5457,0.34112,5.72681,3.03397,0.9555
2.19055,2.19055,56,-3.21433,-1.89674,1.09425,5.36251,3.22838,0.98985,1.30035,83,-4.52189,-4.52189,-1.38734,7.92764,3.27015,0.74416
2.19055,2.19055,56,-3.21433,-1.89674,1.09425,5.36251,3.22838,1.23185,1.23185,48,-5.66953,-0.80208,1.48287,9.31714,5.40001,0.63503
2.19055,2.19055,56,-3.21433,-1.89674,1.09425,5.36251,3.22838,1.29155,0.35895,27,-4.41285,-4.41285,-1.07005,7.65851,3.29423,1.06664
2.19055,2.19055,56,-3.21433,-1.89674,1.09425,5.36251,3.22838,1.42455,0.43935,24,-4.42489,-4.42489,-0.50366,7.30854,3.40244,1.22133
2.19055,2.19055,56,-3.21433,-1.89674,1.09425,5.36251,3.22838,1.19885,1.19885,29,-4.57534,-4.57534,-1.23469,8.33298,3.54914,0.86298
2.19055,2.19055,56,-3.21433,-1.89674,1.09425,5.36251,3.22838,1.33295,0.38215,26,-4.40061,-4.40061,-0.99752,7.47177,3.23713,1.12994
2.19055,2.19055,56,-3.21433,-1.89674,1.09425,5.36251,3.22838,1.00335,1.33975,31,-2.42899,-2.42899,0.45021,5.6727,3.06146,0.86178
2.19055,2.19055,56,-3.21433,-1.89674,1.09425,5.36251,3.22838,0.92235,1.17105,32,-3.82445,-3.82445,-0.57045,7.44895,3.43925,1.01969
2.19055,2.19055,56,-3.21433,-1.89674,1.09425,5.36251,3.22838,1.36815,0.40825,25,-4.37896,-4.37896,-0.57504,7.39822,3.41159,1.20156
2.19055,2.19055,56,-3.21433,-1.89674,1.09425,5.36251,3.22838,1.53775,0.72745,42,-4.27919,-4.27919,-1.14475,7.00728,2.93127,1.23786
2.19055,2.19055,56,-3.21433,-1.89674,1.09425,5.36251,3.22838,1.57595,0.77355,41,-4.58043,-4.58043,-0.66073,7.16522,3.25224,1.16571
2.19055,2.19055,56,-3.21433,-1.89674,1.09425,5.36251,3.22838,1.25315,0.33775,28,-4.41904,-4.41904,-1.06489,7.87854,3.40682,0.97664
2.19055,2.19055,56,-3.21433,-1.89674,1.09425,5.36251,3.22838,1.03965,1.40285,82,-3.38807,-3.38807,-0.46103,6.57196,3.05546,0.73188
2.19055,2.19055,56,-3.21433,-1.89674,1.09425,5.36251,3.22838,1.40755,0.58065,46,-4.0964,-3.37189,-0.45002,9.06265,4.30632,0.7621
2.19055,2.19055,56,-3.21433,-1.89674,1.09425,5.36251,3.22838,1.26865,0.67055,78,-5.4406,-5.4406,-2.19568,9.35312,3.57872,1.09217
2.19055,2.19055,56,-3.21433,-1.89674,1.09425,5.36251,3.22838,1.44625,0.61295,45,-3.51705,-3.51705,-0.55007,8.37917,3.91455,1.10817
2.19055,2.19055,56,-3.21433,-1.89674,1.09425,5.36251,3.22838,1.47565,0.64735,44,-3.62911,-3.62911,-0.9258,7.67333,3.37376,1.0529
2.19055,2.19055,56,-3.21433,-1.89674,1.09425,5.36251,3.22838,1.00325,1.23855,51,-4.78669,-4.78669,-1.48175,8.3375,3.42787,0.8487
2.19055,2.19055,56,-3.21433,-1.89674,1.09425,5.36251,3.22838,1.06585,1.35395,50,-3.60334,-3.60334,-0.62446,6.87583,3.12569,0.94286
2.19055,2.19055,56,-3.21433,-1.89674,1.09425,5.36251,3.22838,1.46495,0.83725,73,-3.54072,-3.54072,0.28607,7.76325,4.02466,1.2164
2.19055,2.19055,56,-3.21433,-1.89674,1.09425,5.36251,3.22838,1.50655,0.68555,43,-3.95104,-3.95104,-1.20091,7.17917,2.98913,1.23936
2.19055,2.19055,56,-3.21433,-1.89674,1.09425,5.36251,3.22838,1.54605,0.51945,22,-4.13789,-4.13789,0.4163,7.12072,3.76851,1.12787
2.19055,2.19055,56,-3.21433,-1.89674,1.09425,5.36251,3.22838,1.47915,0.47555,23,-4.42467,-4.42467,-0.1056,7.21881,3.55661,1.19969
2.19055,2.19055,56,-3.21433,-1.89674,1.09425,5.36251,3.22838,1.40525,0.79075,74,-4.46416,-4.46416,-0.40824,8.81585,4.20381,1.30233
2.19055,2.19055,56,-3.21433,-1.89674,1.09425,5.36251,3.22838,1.10495,1.10495,30,-5.97804,-0.6987,1.59776,9.94132,5.76954,0.71636
2.19055,2.19055,56,-3.21433,-1.89674,1.09425,5.36251,3.22838,1.66825,0.84555,40,-3.45486,-3.45486,0.20991,7.108,3.65895,1.02255
1.08425,1.08425,4,-5.51115,-1.8887,0.97374,9.43301,5.20338,1.31705,1.31705,47,-4.37849,-4.37849,-1.18206,7.87468,3.34631,0.95596
1.08425,1.08425,4,-5.51115,-1.8887,0.97374,9.43301,5.20338,1.10775,1.39955,13,-2.5457,-2.5457,0.34112,5.72681,3.03397,1.13679
1.08425,1.08425,4,-5.51115,-1.8887,0.97374,9.43301,5.20338,0.98985,1.30035,83,-4.52189,-4.52189,-1.38734,7.92764,3.27015,0.84311
1.08425,1.08425,4,-5.51115,-1.8887,0.97374,9.43301,5.20338,1.23185,1.23185,48,-5.66953,-0.80208,1.48287,9.31714,5.40001,0.60201
1.08425,1.08425,4,-5.51115,-1.8887,0.97374,9.43301,5.20338,1.29155,0.35895,27,-4.41285,-4.41285,-1.07005,7.65851,3.29423,1.3492
1.08425,1.08425,4,-5.51115,-1.8887,0.97374,9.43301,5.20338,1.42455,0.43935,24,-4.42489,-4.42489,-0.50366,7.30854,3.40244,1.39279
1.08425,1.08425,4,-5.51115,-1.8887,0.97374,9.43301,5.20338,1.19885,1.19885,29,-4.57534,-4.57534,-1.23469,8.33298,3.54914,1.08303
1.08425,1.08425,4,-5.51115,-1.8887,0.97374,9.43301,5.20338,1.33295,0.38215,26,-4.40061,-4.40061,-0.99752,7.47177,3.23713,1.4096
1.08425,1.08425,4,-5.51115,-1.8887,0.97374,9.43301,5.20338,1.00335,1.33975,31,-2.42899,-2.42899,0.45021,5.6727,3.06146,1.02078
1.08425,1.08425,4,-5.51115,-1.8887,0.97374,9.43301,5.20338,0.92235,1.17105,32,-3.82445,-3.82445,-0.57045,7.44895,3.43925,1.30916
1.08425,1.08425,4,-5.51115,-1.8887,0.97374,9.43301,5.20338,1.36815,0.40825,25,-4.37896,-4.37896,-0.57504,7.39822,3.41159,1.42766
1.08425,1.08425,4,-5.51115,-1.8887,0.97374,9.43301,5.20338,1.53775,0.72745,42,-4.27919,-4.27919,-1.14475,7.00728,2.93127,1.3711
1.08425,1.08425,4,-5.51115,-1.8887,0.97374,9.43301,5.20338,1.57595,0.77355,41,-4.58043,-4.58043,-0.66073,7.16522,3.25224,1.27499
1.08425,1.08425,4,-5.51115,-1.8887,0.97374,9.43301,5.20338,1.25315,0.33775,28,-4.41904,-4.41904,-1.06489,7.87854,3.40682,1.25537
1.08425,1.08425,4,-5.51115,-1.8887,0.97374,9.43301,5.20338,1.03965,1.40285,82,-3.38807,-3.38807,-0.46103,6.57196,3.05546,0.81297
1.08425,1.08425,4,-5.51115,-1.8887,0.97374,9.43301,5.20338,1.40755,0.58065,46,-4.0964,-3.37189,-0.45002,9.06265,4.30632,1.16767
1.08425,1.08425,4,-5.51115,-1.8887,0.97374,9.43301,5.20338,1.26865,0.67055,78,-5.4406,-5.4406,-2.19568,9.35312,3.57872,1.27764
1.08425,1.08425,4,-5.51115,-1.8887,0.97374,9.43301,5.20338,1.44625,0.61295,45,-3.51705,-3.51705,-0.55007,8.37917,3.91455,1.24737
1.08425,1.08425,4,-5.51115,-1.8887,0.97374,9.43301,5.20338,1.47565,0.64735,44,-3.62911,-3.62911,-0.9258,7.67333,3.37376,1.34022
1.08425,1.08425,4,-5.51115,-1.8887,0.97374,9.43301,5.20338,1.00325,1.23855,51,-4.78669,-4.78669,-1.48175,8.3375,3.42787,0.71564
1.08425,1.08425,4,-5.51115,-1.8887,0.97374,9.43301,5.20338,1.06585,1.35395,50,-3.60334,-3.60334,-0.62446,6.87583,3.12569,1.05466
1.08425,1.08425,4,-5.51115,-1.8887,0.97374,9.43301,5.20338,1.46495,0.83725,73,-3.54072,-3.54072,0.28607,7.76325,4.02466,1.33437
1.08425,1.08425,4,-5.51115,-1.8887,0.97374,9.43301,5.20338,1.50655,0.68555,43,-3.95104,-3.95104,-1.20091,7.17917,2.98913,1.39103
1.08425,1.08425,4,-5.51115,-1.8887,0.97374,9.43301,5.20338,1.54605,0.51945,22,-4.13789,-4.13789,0.4163,7.12072,3.76851,1.236
1.08425,1.08425,4,-5.51115,-1.8887,0.97374,9.43301,5.20338,1.47915,0.47555,23,-4.42467,-4.42467,-0.1056,7.21881,3.55661,1.36294
1.08425,1.08425,4,-5.51115,-1.8887,0.97374,9.43301,5.20338,1.40525,0.79075,74,-4.46416,-4.46416,-0.40824,8.81585,4.20381,1.44653
1.08425,1.08425,4,-5.51115,-1.8887,0.97374,9.43301,5.20338,1.10495,1.10495,30,-5.97804,-0.6987,1.59776,9.94132,5.76954,0.87092
1.08425,1.08425,4,-5.51115,-1.8887,0.97374,9.43301,5.20338,1.66825,0.84555,40,-3.45486,-3.45486,0.20991,7.108,3.65895,1.04429
1.80005,1.80005,20,-3.71751,-1.87194,1.17547,6.27484,3.72516,1.31705,1.31705,47,-4.37849,-4.37849,-1.18206,7.87468,3.34631,0.87932
1.80005,1.80005,20,-3.71751,-1.87194,1.17547,6.27484,3.72516,1.10775,1.39955,13,-2.5457,-2.5457,0.34112,5.72681,3.03397,1.05557
1.80005,1.80005,20,-3.71751,-1.87194,1.17547,6.27484,3.72516,0.98985,1.30035,83,-4.52189,-4.52189,-1.38734,7.92764,3.27015,0.77363
1.80005,1.80005,20,-3.71751,-1.87194,1.17547,6.27484,3.72516,1.23185,1.23185,48,-5.66953,-0.80208,1.48287,9.31714,5.40001,0.60615
1.80005,1.80005,20,-3.71751,-1.87194,1.17547,6.27484,3.72516,1.29155,0.35895,27,-4.41285,-4.41285,-1.07005,7.65851,3.29423,1.09355
1.80005,1.80005,20,-3.71751,-1.87194,1.17547,6.27484,3.72516,1.42455,0.43935,24,-4.42489,-4.42489,-0.50366,7.30854,3.40244,1.32816
1.80005,1.80005,20,-3.71751,-1.87194,1.17547,6.27484,3.72516,1.19885,1.19885,29,-4.57534,-4.57534,-1.23469,8.33298,3.54914,0.93117
1.80005,1.80005,20,-3.71751,-1.87194,1.17547,6.27484,3.72516,1.33295,0.38215,26,-4.40061,-4.40061,-0.99752,7.47177,3.23713,1.26597
1.80005,1.80005,20,-3.71751,-1.87194,1.17547,6.27484,3.72516,1.00335,1.33975,31,-2.42899,-2.42899,0.45021,5.6727,3.06146,0.95501
1.80005,1.80005,20,-3.71751,-1.87194,1.17547,6.27484,3.72516,0.92235,1.17105,32,-3.82445,-3.82445,-0.57045,7.44895,3.43925,1.193
1.80005,1.80005,20,-3.71751,-1.87194,1.17547,6.27484,3.72516,1.36815,0.40825,25,-4.37896,-4.37896,-0.57504,7.39822,3.41159,1.20873
1.80005,1.80005,20,-3.71751,-1.87194,1.17547,6.27484,3.72516,1.53775,0.72745,42,-4.27919,-4.27919,-1.14475,7.00728,2.93127,1.28884
1.80005,1.80005,20,-3.71751,-1.87194,1.17547,6.27484,3.72516,1.57595,0.77355,41,-4.58043,-4.58043,-0.66073,7.16522,3.25224,1.19765
1.80005,1.80005,20,-3.71751,-1.87194,1.17547,6.27484,3.72516,1.25315,0.33775,28,-4.41904,-4.41904,-1.06489,7.87854,3.40682,0.99711
1.80005,1.80005,20,-3.71751,-1.87194,1.17547,6.27484,3.72516,1.03965,1.40285,82,-3.38807,-3.38807,-0.46103,6.57196,3.05546,0.7825
1.80005,1.80005,20,-3.71751,-1.87194,1.17547,6.27484,3.72516,1.40755,0.58065,46,-4.0964,-3.37189,-0.45002,9.06265,4.30632,0.82572
1.80005,1.80005,20,-3.71751,-1.87194,1.17547,6.27484,3.72516,1.26865,0.67055,78,-5.4406,-5.4406,-2.19568,9.35312,3.57872,1.13769
1.80005,1.80005,20,-3.71751,-1.87194,1.17547,6.27484,3.72516,1.44625,0.61295,45,-3.51705,-3.51705,-0.55007,8.37917,3.91455,1.17171
1.80005,1.80005,20,-3.71751,-1.87194,1.17547,6.27484,3.72516,1.47565,0.64735,44,-3.62911,-3.62911,-0.9258,7.67333,3.37376,1.2658
1.80005,1.80005,20,-3.71751,-1.87194,1.17547,6.27484,3.72516,1.00325,1.23855,51,-4.78669,-4.78669,-1.48175,8.3375,3.42787,0.88599
1.80005,1.80005,20,-3.71751,-1.87194,1.17547,6.27484,3.72516,1.06585,1.35395,50,-3.60334,-3.60334,-0.62446,6.87583,3.12569,1.00786
1.80005,1.80005,20,-3.71751,-1.87194,1.17547,6.27484,3.72516,1.46495,0.83725,73,-3.54072,-3.54072,0.28607,7.76325,4.02466,1.24902
1.80005,1.80005,20,-3.71751,-1.87194,1.17547,6.27484,3.72516,1.50655,0.68555,43,-3.95104,-3.95104,-1.20091,7.17917,2.98913,1.29985
1.80005,1.80005,20,-3.71751,-1.87194,1.17547,6.27484,3.72516,1.54605,0.51945,22,-4.13789,-4.13789,0.4163,7.12072,3.76851,1.19118
1.80005,1.80005,20,-3.71751,-1.87194,1.17547,6.27484,3.72516,1.47915,0.47555,23,-4.42467,-4.42467,-0.1056,7.21881,3.55661,1.28637
1.80005,1.80005,20,-3.71751,-1.87194,1.17547,6.27484,3.72516,1.40525,0.79075,74,-4.46416,-4.46416,-0.40824,8.81585,4.20381,1.34682
1.80005,1.80005,20,-3.71751,-1.87194,1.17547,6.27484,3.72516,1.10495,1.10495,30,-5.97804,-0.6987,1.59776,9.94132,5.76954,0.80091
1.80005,1.80005,20,-3.71751,-1.87194,1.17547,6.27484,3.72516,1.66825,0.84555,40,-3.45486,-3.45486,0.20991,7.108,3.65895,1.04158
2.02455,0.38005,58,-2.45319,-2.45319,0.62361,5.77252,3.19806,1.31705,1.31705,47,-4.37849,-4.37849,-1.18206,7.87468,3.34631,1.03941
2.02455,0.38005,58,-2.45319,-2.45319,0.62361,5.77252,3.19806,1.10775,1.39955,13,-2.5457,-2.5457,0.34112,5.72681,3.03397,1.31062
2.02455,0.38005,58,-2.45319,-2.45319,0.62361,5.77252,3.19806,0.98985,1.30035,83,-4.52189,-4.52189,-1.38734,7.92764,3.27015,0.65033
2.02455,0.38005,58,-2.45319,-2.45319,0.62361,5.77252,3.19806,1.23185,1.23185,48,-5.66953,-0.80208,1.48287,9.31714,5.40001,0.93764
2.02455,0.38005,58,-2.45319,-2.45319,0.62361,5.77252,3.19806,1.29155,0.35895,27,-4.41285,-4.41285,-1.07005,7.65851,3.29423,1.4336
2.02455,0.38005,58,-2.45319,-2.45319,0.62361,5.77252,3.19806,1.42455,0.43935,24,-4.42489,-4.42489,-0.50366,7.30854,3.40244,1.44335
2.02455,0.38005,58,-2.45319,-2.45319,0.62361,5.77252,3.19806,1.19885,1.19885,29,-4.57534,-4.57534,-1.23469,8.33298,3.54914,1.27222
2.02455,0.38005,58,-2.45319,-2.45319,0.62361,5.77252,3.19806,1.33295,0.38215,26,-4.40061,-4.40061,-0.99752,7.47177,3.23713,1.4688
2.02455,0.38005,58,-2.45319,-2.45319,0.62361,5.77252,3.19806,1.00335,1.33975,31,-2.42899,-2.42899,0.45021,5.6727,3.06146,1.22784
2.02455,0.38005,58,-2.45319,-2.45319,0.62361,5.77252,3.19806,0.92235,1.17105,32,-3.82445,-3.82445,-0.57045,7.44895,3.43925,0.90295
2.02455,0.38005,58,-2.45319,-2.45319,0.62361,5.77252,3.19806,1.36815,0.40825,25,-4.37896,-4.37896,-0.57504,7.39822,3.41159,1.47132
2.02455,0.38005,58,-2.45319,-2.45319,0.62361,5.77252,3.19806,1.53775,0.72745,42,-4.27919,-4.27919,-1.14475,7.00728,2.93127,1.36217
2.02455,0.38005,58,-2.45319,-2.45319,0.62361,5.77252,3.19806,1.57595,0.77355,41,-4.58043,-4.58043,-0.66073,7.16522,3.25224,1.27801
2.02455,0.38005,58,-2.45319,-2.45319,0.62361,5.77252,3.19806,1.25315,0.33775,28,-4.41904,-4.41904,-1.06489,7.87854,3.40682,1.35818
2.02455,0.38005,58,-2.45319,-2.45319,0.62361,5.77252,3.19806,1.03965,1.40285,82,-3.38807,-3.38807,-0.46103,6.57196,3.05546,0.73824
2.02455,0.38005,58,-2.45319,-2.45319,0.62361,5.77252,3.19806,1.40755,0.58065,46,-4.0964,-3.37189,-0.45002,9.06265,4.30632,1.18388
2.02455,0.38005,58,-2.45319,-2.45319,0.62361,5.77252,3.19806,1.26865,0.67055,78,-5.4406,-5.4406,-2.19568,9.35312,3.57872,1.18194
2.02455,0.38005,58,-2.45319,-2.45319,0.62361,5.77252,3.19806,1.44625,0.61295,45,-3.51705,-3.51705,-0.55007,8.37917,3.91455,1.28708
2.02455,0.38005,58,-2.45319,-2.45319,0.62361,5.77252,3.19806,1.47565,0.64735,44,-3.62911,-3.62911,-0.9258,7.67333,3.37376,1.3726
2.02455,0.38005,58,-2.45319,-2.45319,0.62361,5.77252,3.19806,1.00325,1.23855,51,-4.78669,-4.78669,-1.48175,8.3375,3.42787,0.7212
2.02455,0.38005,58,-2.45319,-2.45319,0.62361,5.77252,3.19806,1.06585,1.35395,50,-3.60334,-3.60334,-0.62446,6.87583,3.12569,0.87813
2.02455,0.38005,58,-2.45319,-2.45319,0.62361,5.77252,3.19806,1.46495,0.83725,73,-3.54072,-3.54072,0.28607,7.76325,4.02466,1.34454
2.02455,0.38005,58,-2.45319,-2.45319,0.62361,5.77252,3.19806,1.50655,0.68555,43,-3.95104,-3.95104,-1.20091,7.17917,2.98913,1.35463
2.02455,0.38005,58,-2.45319,-2.45319,0.62361,5.77252,3.19806,1.54605,0.51945,22,-4.13789,-4.13789,0.4163,7.12072,3.76851,1.26101
2.02455,0.38005,58,-2.45319,-2.45319,0.62361,5.77252,3.19806,1.47915,0.47555,23,-4.42467,-4.42467,-0.1056,7.21881,3.55661,1.35828
2.02455,0.38005,58,-2.45319,-2.45319,0.62361,5.77252,3.19806,1.40525,0.79075,74,-4.46416,-4.46416,-0.40824,8.81585,4.20381,1.41851
2.02455,0.38005,58,-2.45319,-2.45319,0.62361,5.77252,3.19806,1.10495,1.10495,30,-5.97804,-0.6987,1.59776,9.94132,5.76954,1.16402
2.02455,0.38005,58,-2.45319,-2.45319,0.62361,5.77252,3.19806,1.66825,0.84555,40,-3.45486,-3.45486,0.20991,7.108,3.65895,1.10967
2.53205,2.53205,55,-1.99324,-1.99324,-0.28424,3.77466,1.74521,1.31705,1.31705,47,-4.37849,-4.37849,-1.18206,7.87468,3.34631,0.60171
2.53205,2.53205,55,-1.99324,-1.99324,-0.28424,3.77466,1.74521,1.10775,1.39955,13,-2.5457,-2.5457,0.34112,5.72681,3.03397,0.70145
2.53205,2.53205,55,-1.99324,-1.99324,-0.28424,3.77466,1.74521,0.98985,1.30035,83,-4.52189,-4.52189,-1.38734,7.92764,3.27015,0.4265
2.53205,2.53205,55,-1.99324,-1.99324,-0.28424,3.77466,1.74521,1.23185,1.23185,48,-5.66953,-0.80208,1.48287,9.31714,5.40001,0.37389
2.53205,2.53205,55,-1.99324,-1.99324,-0.28424,3.77466,1.74521,1.29155,0.35895,27,-4.41285,-4.41285,-1.07005,7.65851,3.29423,0.82927
2.53205,2.53205,55,-1.99324,-1.99324,-0.28424,3.77466,1.74521,1.42455,0.43935,24,-4.42489,-4.42489,-0.50366,7.30854,3.40244,1.08163
2.53205,2.53205,55,-1.99324,-1.99324,-0.28424,3.77466,1.74521,1.19885,1.19885,29,-4.57534,-4.57534,-1.23469,8.33298,3.54914,0.68527
2.53205,2.53205,55,-1.99324,-1.99324,-0.28424,3.77466,1.74521,1.33295,0.38215,26,-4.40061,-4.40061,-0.99752,7.47177,3.23713,0.96731
2.53205,2.53205,55,-1.99324,-1.99324,-0.28424,3.77466,1.74521,1.00335,1.33975,31,-2.42899,-2.42899,0.45021,5.6727,3.06146,0.62035
2.53205,2.53205,55,-1.99324,-1.99324,-0.28424,3.77466,1.74521,0.92235,1.17105,32,-3.82445,-3.82445,-0.57045,7.44895,3.43925,0.76401
2.53205,2.53205,55,-1.99324,-1.99324,-0.28424,3.77466,1.74521,1.36815,0.40825,25,-4.37896,-4.37896,-0.57504,7.39822,3.41159,1.0546
2.53205,2.53205,55,-1.99324,-1.99324,-0.28424,3.77466,1.74521,1.53775,0.72745,42,-4.27919,-4.27919,-1.14475,7.00728,2.93127,1.19136
2.53205,2.53205,55,-1.99324,-1.99324,-0.28424,3.77466,1.74521,1.57595,0.77355,41,-4.58043,-4.58043,-0.66073,7.16522,3.25224,1.1302
2.53205,2.53205,55,-1.99324,-1.99324,-0.28424,3.77466,1.74521,1.25315,0.33775,28,-4.41904,-4.41904,-1.06489,7.87854,3.40682,0.83347
2.53205,2.53205,55,-1.99324,-1.99324,-0.28424,3.77466,1.74521,1.03965,1.40285,82,-3.38807,-3.38807,-0.46103,6.57196,3.05546,0.49695
2.53205,2.53205,55,-1.99324,-1.99324,-0.28424,3.77466,1.74521,1.40755,0.58065,46,-4.0964,-3.37189,-0.45002,9.06265,4.30632,0.78064
2.53205,2.53205,55,-1.99324,-1.99324,-0.28424,3.77466,1.74521,1.26865,0.67055,78,-5.4406,-5.4406,-2.19568,9.35312,3.57872,0.93282
2.53205,2.53205,55,-1.99324,-1.99324,-0.28424,3.77466,1.74521,1.44625,0.61295,45,-3.51705,-3.51705,-0.55007,8.37917,3.91455,0.84709
2.53205,2.53205,55,-1.99324,-1.99324,-0.28424,3.77466,1.74521,1.47565,0.64735,44,-3.62911,-3.62911,-0.9258,7.67333,3.37376,1.096
2.53205,2.53205,55,-1.99324,-1.99324,-0.28424,3.77466,1.74521,1.00325,1.23855,51,-4.78669,-4.78669,-1.48175,8.3375,3.42787,0.79632
2.53205,2.53205,55,-1.99324,-1.99324,-0.28424,3.77466,1.74521,1.06585,1.35395,50,-3.60334,-3.60334,-0.62446,6.87583,3.12569,0.67836
2.53205,2.53205,55,-1.99324,-1.99324,-0.28424,3.77466,1.74521,1.46495,0.83725,73,-3.54072,-3.54072,0.28607,7.76325,4.02466,1.1993
2.53205,2.53205,55,-1.99324,-1.99324,-0.28424,3.77466,1.74521,1.50655,0.68555,43,-3.95104,-3.95104,-1.20091,7.17917,2.98913,1.18309
2.53205,2.53205,55,-1.99324,-1.99324,-0.28424,3.77466,1.74521,1.54605,0.51945,22,-4.13789,-4.13789,0.4163,7.12072,3.76851,0.8639
2.53205,2.53205,55,-1.99324,-1.99324,-0.28424,3.77466,1.74521,1.47915,0.47555,23,-4.42467,-4.42467,-0.1056,7.21881,3.55661,1.06293
2.53205,2.53205,55,-1.99324,-1.99324,-0.28424,3.77466,1.74521,1.40525,0.79075,74,-4.46416,-4.46416,-0.40824,8.81585,4.20381,1.28671
2.53205,2.53205,55,-1.99324,-1.99324,-0.28424,3.77466,1.74521,1.10495,1.10495,30,-5.97804,-0.6987,1.59776,9.94132,5.76954,0.49701
2.53205,2.53205,55,-1.99324,-1.99324,-0.28424,3.77466,1.74521,1.66825,0.84555,40,-3.45486,-3.45486,0.20991,7.108,3.65895,0.77992
2.21205,2.21205,19,-2.24267,-2.24267,-0.31037,4.21621,1.95292,1.31705,1.31705,47,-4.37849,-4.37849,-1.18206,7.87468,3.34631,0.63755
2.21205,2.21205,19,-2.24267,-2.24267,-0.31037,4.21621,1.95292,1.10775,1.39955,13,-2.5457,-2.5457,0.34112,5.72681,3.03397,0.81483
2.21205,2.21205,19,-2.24267,-2.24267,-0.31037,4.21621,1.95292,0.98985,1.30035,83,-4.52189,-4.52189,-1.38734,7.92764,3.27015,0.40309
2.21205,2.21205,19,-2.24267,-2.24267,-0.31037,4.21621,1.95292,1.23185,1.23185,48,-5.66953,-0.80208,1.48287,9.31714,5.40001,0.49302
2.21205,2.21205,19,-2.24267,-2.24267,-0.31037,4.21621,1.95292,1.29155,0.35895,27,-4.41285,-4.41285,-1.07005,7.65851,3.29423,0.96737
2.21205,2.21205,19,-2.24267,-2.24267,-0.31037,4.21621,1.95292,1.42455,0.43935,24,-4.42489,-4.42489,-0.50366,7.30854,3.40244,1.21512
2.21205,2.21205,19,-2.24267,-2.24267,-0.31037,4.21621,1.95292,1.19885,1.19885,29,-4.57534,-4.57534,-1.23469,8.33298,3.54914,0.76629
2.21205,2.21205,19,-2.24267,-2.24267,-0.31037,4.21621,1.95292,1.33295,0.38215,26,-4.40061,-4.40061,-0.99752,7.47177,3.23713,1.08488
2.21205,2.21205,19,-2.24267,-2.24267,-0.31037,4.21621,1.95292,1.00335,1.33975,31,-2.42899,-2.42899,0.45021,5.6727,3.06146,0.7144
2.21205,2.21205,19,-2.24267,-2.24267,-0.31037,4.21621,1.95292,0.92235,1.17105,32,-3.82445,-3.82445,-0.57045,7.44895,3.43925,0.95854
2.21205,2.21205,19,-2.24267,-2.24267,-0.31037,4.21621,1.95292,1.36815,0.40825,25,-4.37896,-4.37896,-0.57504,7.39822,3.41159,1.18939
2.21205,2.21205,19,-2.24267,-2.24267,-0.31037,4.21621,1.95292,1.53775,0.72745,42,-4.27919,-4.27919,-1.14475,7.00728,2.93127,1.27853
2.21205,2.21205,19,-2.24267,-2.24267,-0.31037,4.21621,1.95292,1.57595,0.77355,41,-4.58043,-4.58043,-0.66073,7.16522,3.25224,1.19228
2.21205,2.21205,19,-2.24267,-2.24267,-0.31037,4.21621,1.95292,1.25315,0.33775,28,-4.41904,-4.41904,-1.06489,7.87854,3.40682,0.8446
2.21205,2.21205,19,-2.24267,-2.24267,-0.31037,4.21621,1.95292,1.03965,1.40285,82,-3.38807,-3.38807,-0.46103,6.57196,3.05546,0.54612
2.21205,2.21205,19,-2.24267,-2.24267,-0.31037,4.21621,1.95292,1.40755,0.58065,46,-4.0964,-3.37189,-0.45002,9.06265,4.30632,0.62198
2.21205,2.21205,19,-2.24267,-2.24267,-0.31037,4.21621,1.95292,1.26865,0.67055,78,-5.4406,-5.4406,-2.19568,9.35312,3.57872,0.93968
2.21205,2.21205,19,-2.24267,-2.24267,-0.31037,4.21621,1.95292,1.44625,0.61295,45,-3.51705,-3.51705,-0.55007,8.37917,3.91455,1.04013
2.21205,2.21205,19,-2.24267,-2.24267,-0.31037,4.21621,1.95292,1.47565,0.64735,44,-3.62911,-3.62911,-0.9258,7.67333,3.37376,1.21364
2.21205,2.21205,19,-2.24267,-2.24267,-0.31037,4.21621,1.95292,1.00325,1.23855,51,-4.78669,-4.78669,-1.48175,8.3375,3.42787,0.92273
2.21205,2.21205,19,-2.24267,-2.24267,-0.31037,4.21621,1.95292,1.06585,1.35395,50,-3.60334,-3.60334,-0.62446,6.87583,3.12569,0.81011
2.21205,2.21205,19,-2.24267,-2.24267,-0.31037,4.21621,1.95292,1.46495,0.83725,73,-3.54072,-3.54072,0.28607,7.76325,4.02466,1.26059
2.21205,2.21205,19,-2.24267,-2.24267,-0.31037,4.21621,1.95292,1.50655,0.68555,43,-3.95104,-3.95104,-1.20091,7.17917,2.98913,1.28682
2.21205,2.21205,19,-2.24267,-2.24267,-0.31037,4.21621,1.95292,1.54605,0.51945,22,-4.13789,-4.13789,0.4163,7.12072,3.76851,0.99162
2.21205,2.21205,19,-2.24267,-2.24267,-0.31037,4.21621,1.95292,1.47915,0.47555,23,-4.42467,-4.42467,-0.1056,7.21881,3.55661,1.18812
2.21205,2.21205,19,-2.24267,-2.24267,-0.31037,4.21621,1.95292,1.40525,0.79075,74,-4.46416,-4.46416,-0.40824,8.81585,4.20381,1.37086
2.21205,2.21205,19,-2.24267,-2.24267,-0.31037,4.21621,1.95292,1.10495,1.10495,30,-5.97804,-0.6987,1.59776,9.94132,5.76954,0.62438
2.21205,2.21205,19,-2.24267,-2.24267,-0.31037,4.21621,1.95292,1.66825,0.84555,40,-3.45486,-3.45486,0.20991,7.108,3.65895,0.87636
2.04665,1.19835,57,-2.48925,-2.48925,0.55487,5.67875,3.11681,1.31705,1.31705,47,-4.37849,-4.37849,-1.18206,7.87468,3.34631,1.02723
2.04665,1.19835,57,-2.48925,-2.48925,0.55487,5.67875,3.11681,1.10775,1.39955,13,-2.5457,-2.5457,0.34112,5.72681,3.03397,1.29887
2.04665,1.19835,57,-2.48925,-2.48925,0.55487,5.67875,3.11681,0.98985,1.30035,83,-4.52189,-4.52189,-1.38734,7.92764,3.27015,0.74344
2.04665,1.19835,57,-2.48925,-2.48925,0.55487,5.67875,3.11681,1.23185,1.23185,48,-5.66953,-0.80208,1.48287,9.31714,5.40001,0.92962
2.04665,1.19835,57,-2.48925,-2.48925,0.55487,5.67875,3.11681,1.29155,0.35895,27,-4.41285,-4.41285,-1.07005,7.65851,3.29423,1.37411
2.04665,1.19835,57,-2.48925,-2.48925,0.55487,5.67875,3.11681,1.42455,0.43935,24,-4.42489,-4.42489,-0.50366,7.30854,3.40244,1.39023
2.04665,1.19835,57,-2.48925,-2.48925,0.55487,5.67875,3.11681,1.19885,1.19885,29,-4.57534,-4.57534,-1.23469,8.33298,3.54914,1.1978
2.04665,1.19835,57,-2.48925,-2.48925,0.55487,5.67875,3.11681,1.33295,0.38215,26,-4.40061,-4.40061,-0.99752,7.47177,3.23713,1.39258
2.04665,1.19835,57,-2.48925,-2.48925,0.55487,5.67875,3.11681,1.00335,1.33975,31,-2.42899,-2.42899,0.45021,5.6727,3.06146,1.21427
2.04665,1.19835,57,-2.48925,-2.48925,0.55487,5.67875,3.11681,0.92235,1.17105,32,-3.82445,-3.82445,-0.57045,7.44895,3.43925,0.76539
2.04665,1.19835,57,-2.48925,-2.48925,0.55487,5.67875,3.11681,1.36815,0.40825,25,-4.37896,-4.37896,-0.57504,7.39822,3.41159,1.40585
2.04665,1.19835,57,-2.48925,-2.48925,0.55487,5.67875,3.11681,1.53775,0.72745,42,-4.27919,-4.27919,-1.14475,7.00728,2.93127,1.32323
2.04665,1.19835,57,-2.48925,-2.48925,0.55487,5.67875,3.11681,1.57595,0.77355,41,-4.58043,-4.58043,-0.66073,7.16522,3.25224,1.26006
2.04665,1.19835,57,-2.48925,-2.48925,0.55487,5.67875,3.11681,1.25315,0.33775,28,-4.41904,-4.41904,-1.06489,7.87854,3.40682,1.30938
2.04665,1.19835,57,-2.48925,-2.48925,0.55487,5.67875,3.11681,1.03965,1.40285,82,-3.38807,-3.38807,-0.46103,6.57196,3.05546,0.63287
2.04665,1.19835,57,-2.48925,-2.48925,0.55487,5.67875,3.11681,1.40755,0.58065,46,-4.0964,-3.37189,-0.45002,9.06265,4.30632,1.17793
2.04665,1.19835,57,-2.48925,-2.48925,0.55487,5.67875,3.11681,1.26865,0.67055,78,-5.4406,-5.4406,-2.19568,9.35312,3.57872,1.19801
2.04665,1.19835,57,-2.48925,-2.48925,0.55487,5.67875,3.11681,1.44625,0.61295,45,-3.51705,-3.51705,-0.55007,8.37917,3.91455,1.29048
2.04665,1.19835,57,-2.48925,-2.48925,0.55487,5.67875,3.11681,1.47565,0.64735,44,-3.62911,-3.62911,-0.9258,7.67333,3.37376,1.33727
2.04665,1.19835,57,-2.48925,-2.48925,0.55487,5.67875,3.11681,1.00325,1.23855,51,-4.78669,-4.78669,-1.48175,8.3375,3.42787,0.76882
2.04665,1.19835,57,-2.48925,-2.48925,0.55487,5.67875,3.11681,1.06585,1.35395,50,-3.60334,-3.60334,-0.62446,6.87583,3.12569,0.97788
2.04665,1.19835,57,-2.48925,-2.48925,0.55487,5.67875,3.11681,1.46495,0.83725,73,-3.54072,-3.54072,0.28607,7.76325,4.02466,1.32852
2.04665,1.19835,57,-2.48925,-2.48925,0.55487,5.67875,3.11681,1.50655,0.68555,43,-3.95104,-3.95104,-1.20091,7.17917,2.98913,1.3267
2.04665,1.19835,57,-2.48925,-2.48925,0.55487,5.67875,3.11681,1.54605,0.51945,22,-4.13789,-4.13789,0.4163,7.12072,3.76851,1.25338
2.04665,1.19835,57,-2.48925,-2.48925,0.55487,5.67875,3.11681,1.47915,0.47555,23,-4.42467,-4.42467,-0.1056,7.21881,3.55661,1.36048
2.04665,1.19835,57,-2.48925,-2.48925,0.55487,5.67875,3.11681,1.40525,0.79075,74,-4.46416,-4.46416,-0.40824,8.81585,4.20381,1.39477
2.04665,1.19835,57,-2.48925,-2.48925,0.55487,5.67875,3.11681,1.10495,1.10495,30,-5.97804,-0.6987,1.59776,9.94132,5.76954,1.10582
2.04665,1.19835,57,-2.48925,-2.48925,0.55487,5.67875,3.11681,1.66825,0.84555,40,-3.45486,-3.45486,0.20991,7.108,3.65895,1.10984
1.67295,1.67295,3,-2.74799,-2.74799,-0.38382,5.17795,2.39707,1.31705,1.31705,47,-4.37849,-4.37849,-1.18206,7.87468,3.34631,0.67351
1.67295,1.67295,3,-2.74799,-2.74799,-0.38382,5.17795,2.39707,1.10775,1.39955,13,-2.5457,-2.5457,0.34112,5.72681,3.03397,0.88058
1.67295,1.67295,3,-2.74799,-2.74799,-0.38382,5.17795,2.39707,0.98985,1.30035,83,-4.52189,-4.52189,-1.38734,7.92764,3.27015,0.72073
1.67295,1.67295,3,-2.74799,-2.74799,-0.38382,5.17795,2.39707,1.23185,1.23185,48,-5.66953,-0.80208,1.48287,9.31714,5.40001,0.51309
1.67295,1.67295,3,-2.74799,-2.74799,-0.38382,5.17795,2.39707,1.29155,0.35895,27,-4.41285,-4.41285,-1.07005,7.65851,3.29423,0.96745
1.67295,1.67295,3,-2.74799,-2.74799,-0.38382,5.17795,2.39707,1.42455,0.43935,24,-4.42489,-4.42489,-0.50366,7.30854,3.40244,1.30576
1.67295,1.67295,3,-2.74799,-2.74799,-0.38382,5.17795,2.39707,1.19885,1.19885,29,-4.57534,-4.57534,-1.23469,8.33298,3.54914,0.85412
1.67295,1.67295,3,-2.74799,-2.74799,-0.38382,5.17795,2.39707,1.33295,0.38215,26,-4.40061,-4.40061,-0.99752,7.47177,3.23713,1.20628
1.67295,1.67295,3,-2.74799,-2.74799,-0.38382,5.17795,2.39707,1.00335,1.33975,31,-2.42899,-2.42899,0.45021,5.6727,3.06146,0.79163
1.67295,1.67295,3,-2.74799,-2.74799,-0.38382,5.17795,2.39707,0.92235,1.17105,32,-3.82445,-3.82445,-0.57045,7.44895,3.43925,1.079
1.67295,1.67295,3,-2.74799,-2.74799,-0.38382,5.17795,2.39707,1.36815,0.40825,25,-4.37896,-4.37896,-0.57504,7.39822,3.41159,1.29402
1.67295,1.67295,3,-2.74799,-2.74799,-0.38382,5.17795,2.39707,1.53775,0.72745,42,-4.27919,-4.27919,-1.14475,7.00728,2.93127,1.32452
1.67295,1.67295,3,-2.74799,-2.74799,-0.38382,5.17795,2.39707,1.57595,0.77355,41,-4.58043,-4.58043,-0.66073,7.16522,3.25224,1.22781
1.67295,1.67295,3,-2.74799,-2.74799,-0.38382,5.17795,2.39707,1.25315,0.33775,28,-4.41904,-4.41904,-1.06489,7.87854,3.40682,0.9227
1.67295,1.67295,3,-2.74799,-2.74799,-0.38382,5.17795,2.39707,1.03965,1.40285,82,-3.38807,-3.38807,-0.46103,6.57196,3.05546,0.54627
1.67295,1.67295,3,-2.74799,-2.74799,-0.38382,5.17795,2.39707,1.40755,0.58065,46,-4.0964,-3.37189,-0.45002,9.06265,4.30632,0.79102
1.67295,1.67295,3,-2.74799,-2.74799,-0.38382,5.17795,2.39707,1.26865,0.67055,78,-5.4406,-5.4406,-2.19568,9.35312,3.57872,0.91394
1.67295,1.67295,3,-2.74799,-2.74799,-0.38382,5.17795,2.39707,1.44625,0.61295,45,-3.51705,-3.51705,-0.55007,8.37917,3.91455,1.10905
1.67295,1.67295,3,-2.74799,-2.74799,-0.38382,5.17795,2.39707,1.47565,0.64735,44,-3.62911,-3.62911,-0.9258,7.67333,3.37376,0.96866
1.67295,1.67295,3,-2.74799,-2.74799,-0.38382,5.17795,2.39707,1.00325,1.23855,51,-4.78669,-4.78669,-1.48175,8.3375,3.42787,1.02702
1.67295,1.67295,3,-2.74799,-2.74799,-0.38382,5.17795,2.39707,1.06585,1.35395,50,-3.60334,-3.60334,-0.62446,6.87583,3.12569,0.85896
1.67295,1.67295,3,-2.74799,-2.74799,-0.38382,5.17795,2.39707,1.46495,0.83725,73,-3.54072,-3.54072,0.28607,7.76325,4.02466,1.29699
1.67295,1.67295,3,-2.74799,-2.74799,-0.38382,5.17795,2.39707,1.50655,0.68555,43,-3.95104,-3.95104,-1.20091,7.17917,2.98913,1.34745
1.67295,1.67295,3,-2.74799,-2.74799,-0.38382,5.17795,2.39707,1.54605,0.51945,22,-4.13789,-4.13789,0.4163,7.12072,3.76851,1.02696
1.67295,1.67295,3,-2.74799,-2.74799,-0.38382,5.17795,2.39707,1.47915,0.47555,23,-4.42467,-4.42467,-0.1056,7.21881,3.55661,1.26259
1.67295,1.67295,3,-2.74799,-2.74799,-0.38382,5.17795,2.39707,1.40525,0.79075,74,-4.46416,-4.46416,-0.40824,8.81585,4.20381,1.41734
1.67295,1.67295,3,-2.74799,-2.74799,-0.38382,5.17795,2.39707,1.10495,1.10495,30,-5.97804,-0.6987,1.59776,9.94132,5.76954,0.68797
1.67295,1.67295,3,-2.74799,-2.74799,-0.38382,5.17795,2.39707,1.66825,0.84555,40,-3.45486,-3.45486,0.20991,7.108,3.65895,0.89265
1.35335,1.35335,12,-4.66732,-1.05447,0.84802,7.91356,4.38079,1.31705,1.31705,47,-4.37849,-4.37849,-1.18206,7.87468,3.34631,0.91747
1.35335,1.35335,12,-4.66732,-1.05447,0.84802,7.91356,4.38079,1.10775,1.39955,13,-2.5457,-2.5457,0.34112,5.72681,3.03397,1.08938
1.35335,1.35335,12,-4.66732,-1.05447,0.84802,7.91356,4.38079,0.98985,1.30035,83,-4.52189,-4.52189,-1.38734,7.92764,3.27015,0.80568
1.35335,1.35335,12,-4.66732,-1.05447,0.84802,7.91356,4.38079,1.23185,1.23185,48,-5.66953,-0.80208,1.48287,9.31714,5.40001,0.59026
1.35335,1.35335,12,-4.66732,-1.05447,0.84802,7.91356,4.38079,1.29155,0.35895,27,-4.41285,-4.41285,-1.07005,7.65851,3.29423,1.28918
1.35335,1.35335,12,-4.66732,-1.05447,0.84802,7.91356,4.38079,1.42455,0.43935,24,-4.42489,-4.42489,-0.50366,7.30854,3.40244,1.37407
1.35335,1.35335,12,-4.66732,-1.05447,0.84802,7.91356,4.38079,1.19885,1.19885,29,-4.57534,-4.57534,-1.23469,8.33298,3.54914,0.97404
1.35335,1.35335,12,-4.66732,-1.05447,0.84802,7.91356,4.38079,1.33295,0.38215,26,-4.40061,-4.40061,-0.99752,7.47177,3.23713,1.32394
1.35335,1.35335,12,-4.66732,-1.05447,0.84802,7.91356,4.38079,1.00335,1.33975,31,-2.42899,-2.42899,0.45021,5.6727,3.06146,0.98827
1.35335,1.35335,12,-4.66732,-1.05447,0.84802,7.91356,4.38079,0.92235,1.17105,32,-3.82445,-3.82445,-0.57045,7.44895,3.43925,1.25383
1.35335,1.35335,12,-4.66732,-1.05447,0.84802,7.91356,4.38079,1.36815,0.40825,25,-4.37896,-4.37896,-0.57504,7.39822,3.41159,1.3892
1.35335,1.35335,12,-4.66732,-1.05447,0.84802,7.91356,4.38079,1.53775,0.72745,42,-4.27919,-4.27919,-1.14475,7.00728,2.93127,1.32248
1.35335,1.35335,12,-4.66732,-1.05447,0.84802,7.91356,4.38079,1.57595,0.77355,41,-4.58043,-4.58043,-0.66073,7.16522,3.25224,1.22886
1.35335,1.35335,12,-4.66732,-1.05447,0.84802,7.91356,4.38079,1.25315,0.33775,28,-4.41904,-4.41904,-1.06489,7.87854,3.40682,1.10238
1.35335,1.35335,12,-4.66732,-1.05447,0.84802,7.91356,4.38079,1.03965,1.40285,82,-3.38807,-3.38807,-0.46103,6.57196,3.05546,0.80889
1.35335,1.35335,12,-4.66732,-1.05447,0.84802,7.91356,4.38079,1.40755,0.58065,46,-4.0964,-3.37189,-0.45002,9.06265,4.30632,0.97375
1.35335,1.35335,12,-4.66732,-1.05447,0.84802,7.91356,4.38079,1.26865,0.67055,78,-5.4406,-5.4406,-2.19568,9.35312,3.57872,1.18952
1.35335,1.35335,12,-4.66732,-1.05447,0.84802,7.91356,4.38079,1.44625,0.61295,45,-3.51705,-3.51705,-0.55007,8.37917,3.91455,1.20257
1.35335,1.35335,12,-4.66732,-1.05447,0.84802,7.91356,4.38079,1.47565,0.64735,44,-3.62911,-3.62911,-0.9258,7.67333,3.37376,1.29919
1.35335,1.35335,12,-4.66732,-1.05447,0.84802,7.91356,4.38079,1.00325,1.23855,51,-4.78669,-4.78669,-1.48175,8.3375,3.42787,0.62738
1.35335,1.35335,12,-4.66732,-1.05447,0.84802,7.91356,4.38079,1.06585,1.35395,50,-3.60334,-3.60334,-0.62446,6.87583,3.12569,1.03543
1.35335,1.35335,12,-4.66732,-1.05447,0.84802,7.91356,4.38079,1.46495,0.83725,73,-3.54072,-3.54072,0.28607,7.76325,4.02466,1.28376
1.35335,1.35335,12,-4.66732,-1.05447,0.84802,7.91356,4.38079,1.50655,0.68555,43,-3.95104,-3.95104,-1.20091,7.17917,2.98913,1.33441
1.35335,1.35335,12,-4.66732,-1.05447,0.84802,7.91356,4.38079,1.54605,0.51945,22,-4.13789,-4.13789,0.4163,7.12072,3.76851,1.21364
1.35335,1.35335,12,-4.66732,-1.05447,0.84802,7.91356,4.38079,1.47915,0.47555,23,-4.42467,-4.42467,-0.1056,7.21881,3.55661,1.30695
1.35335,1.35335,12,-4.66732,-1.05447,0.84802,7.91356,4.38079,1.40525,0.79075,74,-4.46416,-4.46416,-0.40824,8.81585,4.20381,1.38887
1.35335,1.35335,12,-4.66732,-1.05447,0.84802,7.91356,4.38079,1.10495,1.10495,30,-5.97804,-0.6987,1.59776,9.94132,5.76954,0.83406
1.35335,1.35335,12,-4.66732,-1.05447,0.84802,7.91356,4.38079,1.66825,0.84555,40,-3.45486,-3.45486,0.20991,7.108,3.65895,1.04933
1.77645,1.77645,11,-2.63178,-2.63178,-0.39573,5.00911,2.30669,1.31705,1.31705,47,-4.37849,-4.37849,-1.18206,7.87468,3.34631,0.68571
1.77645,1.77645,11,-2.63178,-2.63178,-0.39573,5.00911,2.30669,1.10775,1.39955,13,-2.5457,-2.5457,0.34112,5.72681,3.03397,0.85769
1.77645,1.77645,11,-2.63178,-2.63178,-0.39573,5.00911,2.30669,0.98985,1.30035,83,-4.52189,-4.52189,-1.38734,7.92764,3.27015,0.7192
1.77645,1.77645,11,-2.63178,-2.63178,-0.39573,5.00911,2.30669,1.23185,1.23185,48,-5.66953,-0.80208,1.48287,9.31714,5.40001,0.4988
1.77645,1.77645,11,-2.63178,-2.63178,-0.39573,5.00911,2.30669,1.29155,0.35895,27,-4.41285,-4.41285,-1.07005,7.65851,3.29423,0.96767
1.77645,1.77645,11,-2.63178,-2.63178,-0.39573,5.00911,2.30669,1.42455,0.43935,24,-4.42489,-4.42489,-0.50366,7.30854,3.40244,1.27402
1.77645,1.77645,11,-2.63178,-2.63178,-0.39573,5.00911,2.30669,1.19885,1.19885,29,-4.57534,-4.57534,-1.23469,8.33298,3.54914,0.81963
1.77645,1.77645,11,-2.63178,-2.63178,-0.39573,5.00911,2.30669,1.33295,0.38215,26,-4.40061,-4.40061,-0.99752,7.47177,3.23713,1.16651
1.77645,1.77645,11,-2.63178,-2.63178,-0.39573,5.00911,2.30669,1.00335,1.33975,31,-2.42899,-2.42899,0.45021,5.6727,3.06146,0.77749
1.77645,1.77645,11,-2.63178,-2.63178,-0.39573,5.00911,2.30669,0.92235,1.17105,32,-3.82445,-3.82445,-0.57045,7.44895,3.43925,1.03923
1.77645,1.77645,11,-2.63178,-2.63178,-0.39573,5.00911,2.30669,1.36815,0.40825,25,-4.37896,-4.37896,-0.57504,7.39822,3.41159,1.25729
1.77645,1.77645,11,-2.63178,-2.63178,-0.39573,5.00911,2.30669,1.53775,0.72745,42,-4.27919,-4.27919,-1.14475,7.00728,2.93127,1.30739
1.77645,1.77645,11,-2.63178,-2.63178,-0.39573,5.00911,2.30669,1.57595,0.77355,41,-4.58043,-4.58043,-0.66073,7.16522,3.25224,1.21498
1.77645,1.77645,11,-2.63178,-2.63178,-0.39573,5.00911,2.30669,1.25315,0.33775,28,-4.41904,-4.41904,-1.06489,7.87854,3.40682,0.93793
1.77645,1.77645,11,-2.63178,-2.63178,-0.39573,5.00911,2.30669,1.03965,1.40285,82,-3.38807,-3.38807,-0.46103,6.57196,3.05546,0.54798
1.77645,1.77645,11,-2.63178,-2.63178,-0.39573,5.00911,2.30669,1.40755,0.58065,46,-4.0964,-3.37189,-0.45002,9.06265,4.30632,0.83916
1.77645,1.77645,11,-2.63178,-2.63178,-0.39573,5.00911,2.30669,1.26865,0.67055,78,-5.4406,-5.4406,-2.19568,9.35312,3.57872,0.63601
1.77645,1.77645,11,-2.63178,-2.63178,-0.39573,5.00911,2.30669,1.44625,0.61295,45,-3.51705,-3.51705,-0.55007,8.37917,3.91455,1.08027
1.77645,1.77645,11,-2.63178,-2.63178,-0.39573,5.00911,2.30669,1.47565,0.64735,44,-3.62911,-3.62911,-0.9258,7.67333,3.37376,0.99163
1.77645,1.77645,11,-2.63178,-2.63178,-0.39573,5.00911,2.30669,1.00325,1.23855,51,-4.78669,-4.78669,-1.48175,8.3375,3.42787,0.99423
1.77645,1.77645,11,-2.63178,-2.63178,-0.39573,5.00911,2.30669,1.06585,1.35395,50,-3.60334,-3.60334,-0.62446,6.87583,3.12569,0.84139
1.77645,1.77645,11,-2.63178,-2.63178,-0.39573,5.00911,2.30669,1.46495,0.83725,73,-3.54072,-3.54072,0.28607,7.76325,4.02466,1.28325
1.77645,1.77645,11,-2.63178,-2.63178,-0.39573,5.00911,2.30669,1.50655,0.68555,43,-3.95104,-3.95104,-1.20091,7.17917,2.98913,1.32554
1.77645,1.77645,11,-2.63178,-2.63178,-0.39573,5.00911,2.30669,1.54605,0.51945,22,-4.13789,-4.13789,0.4163,7.12072,3.76851,1.02083
1.77645,1.77645,11,-2.63178,-2.63178,-0.39573,5.00911,2.30669,1.47915,0.47555,23,-4.42467,-4.42467,-0.1056,7.21881,3.55661,1.23566
1.77645,1.77645,11,-2.63178,-2.63178,-0.39573,5.00911,2.30669,1.40525,0.79075,74,-4.46416,-4.46416,-0.40824,8.81585,4.20381,1.39977
1.77645,1.77645,11,-2.63178,-2.63178,-0.39573,5.00911,2.30669,1.10495,1.10495,30,-5.97804,-0.6987,1.59776,9.94132,5.76954,0.66262
1.77645,1.77645,11,-2.63178,-2.63178,-0.39573,5.00911,2.30669,1.66825,0.84555,40,-3.45486,-3.45486,0.20991,7.108,3.65895,0.88423
1.99605,0.35005,60,-1.79957,-1.79957,1.4637,5.7625,3.6131,1.31705,1.31705,47,-4.37849,-4.37849,-1.18206,7.87468,3.34631,1.02435
1.99605,0.35005,60,-1.79957,-1.79957,1.4637,5.7625,3.6131,1.10775,1.39955,13,-2.5457,-2.5457,0.34112,5.72681,3.03397,1.33266
1.99605,0.35005,60,-1.79957,-1.79957,1.4637,5.7625,3.6131,0.98985,1.30035,83,-4.52189,-4.52189,-1.38734,7.92764,3.27015,0.74543
1.99605,0.35005,60,-1.79957,-1.79957,1.4637,5.7625,3.6131,1.23185,1.23185,48,-5.66953,-0.80208,1.48287,9.31714,5.40001,0.90634
1.99605,0.35005,60,-1.79957,-1.79957,1.4637,5.7625,3.6131,1.29155,0.35895,27,-4.41285,-4.41285,-1.07005,7.65851,3.29423,1.41662
1.99605,0.35005,60,-1.79957,-1.79957,1.4637,5.7625,3.6131,1.42455,0.43935,24,-4.42489,-4.42489,-0.50366,7.30854,3.40244,1.449
1.99605,0.35005,60,-1.79957,-1.79957,1.4637,5.7625,3.6131,1.19885,1.19885,29,-4.57534,-4.57534,-1.23469,8.33298,3.54914,1.25279
1.99605,0.35005,60,-1.79957,-1.79957,1.4637,5.7625,3.6131,1.33295,0.38215,26,-4.40061,-4.40061,-0.99752,7.47177,3.23713,1.46056
1.99605,0.35005,60,-1.79957,-1.79957,1.4637,5.7625,3.6131,1.00335,1.33975,31,-2.42899,-2.42899,0.45021,5.6727,3.06146,1.23462
1.99605,0.35005,60,-1.79957,-1.79957,1.4637,5.7625,3.6131,0.92235,1.17105,32,-3.82445,-3.82445,-0.57045,7.44895,3.43925,1.0674
1.99605,0.35005,60,-1.79957,-1.79957,1.4637,5.7625,3.6131,1.36815,0.40825,25,-4.37896,-4.37896,-0.57504,7.39822,3.41159,1.47351
1.99605,0.35005,60,-1.79957,-1.79957,1.4637,5.7625,3.6131,1.53775,0.72745,42,-4.27919,-4.27919,-1.14475,7.00728,2.93127,1.35472
1.99605,0.35005,60,-1.79957,-1.79957,1.4637,5.7625,3.6131,1.57595,0.77355,41,-4.58043,-4.58043,-0.66073,7.16522,3.25224,1.2679
1.99605,0.35005,60,-1.79957,-1.79957,1.4637,5.7625,3.6131,1.25315,0.33775,28,-4.41904,-4.41904,-1.06489,7.87854,3.40682,1.35542
1.99605,0.35005,60,-1.79957,-1.79957,1.4637,5.7625,3.6131,1.03965,1.40285,82,-3.38807,-3.38807,-0.46103,6.57196,3.05546,0.81361
1.99605,0.35005,60,-1.79957,-1.79957,1.4637,5.7625,3.6131,1.40755,0.58065,46,-4.0964,-3.37189,-0.45002,9.06265,4.30632,1.17398
1.99605,0.35005,60,-1.79957,-1.79957,1.4637,5.7625,3.6131,1.26865,0.67055,78,-5.4406,-5.4406,-2.19568,9.35312,3.57872,1.15491
1.99605,0.35005,60,-1.79957,-1.79957,1.4637,5.7625,3.6131,1.44625,0.61295,45,-3.51705,-3.51705,-0.55007,8.37917,3.91455,1.27618
1.99605,0.35005,60,-1.79957,-1.79957,1.4637,5.7625,3.6131,1.47565,0.64735,44,-3.62911,-3.62911,-0.9258,7.67333,3.37376,1.34272
1.99605,0.35005,60,-1.79957,-1.79957,1.4637,5.7625,3.6131,1.00325,1.23855,51,-4.78669,-4.78669,-1.48175,8.3375,3.42787,0.80211
1.99605,0.35005,60,-1.79957,-1.79957,1.4637,5.7625,3.6131,1.06585,1.35395,50,-3.60334,-3.60334,-0.62446,6.87583,3.12569,0.86456
1.99605,0.35005,60,-1.79957,-1.79957,1.4637,5.7625,3.6131,1.46495,0.83725,73,-3.54072,-3.54072,0.28607,7.76325,4.02466,1.31854
1.99605,0.35005,60,-1.79957,-1.79957,1.4637,5.7625,3.6131,1.50655,0.68555,43,-3.95104,-3.95104,-1.20091,7.17917,2.98913,1.37979
1.99605,0.35005,60,-1.79957,-1.79957,1.4637,5.7625,3.6131,1.54605,0.51945,22,-4.13789,-4.13789,0.4163,7.12072,3.76851,1.26107
1.99605,0.35005,60,-1.79957,-1.79957,1.4637,5.7625,3.6131,1.47915,0.47555,23,-4.42467,-4.42467,-0.1056,7.21881,3.55661,1.38256
1.99605,0.35005,60,-1.79957,-1.79957,1.4637,5.7625,3.6131,1.40525,0.79075,74,-4.46416,-4.46416,-0.40824,8.81585,4.20381,1.40142
1.99605,0.35005,60,-1.79957,-1.79957,1.4637,5.7625,3.6131,1.10495,1.10495,30,-5.97804,-0.6987,1.59776,9.94132,5.76954,1.14195
1.99605,0.35005,60,-1.79957,-1.79957,1.4637,5.7625,3.6131,1.66825,0.84555,40,-3.45486,-3.45486,0.20991,7.108,3.65895,1.09038
1.97445,0.33685,61,-1.87067,-1.87067,1.54062,5.74229,3.64145,1.31705,1.31705,47,-4.37849,-4.37849,-1.18206,7.87468,3.34631,1.01572
1.97445,0.33685,61,-1.87067,-1.87067,1.54062,5.74229,3.64145,1.10775,1.39955,13,-2.5457,-2.5457,0.34112,5.72681,3.03397,1.32889
1.97445,0.33685,61,-1.87067,-1.87067,1.54062,5.74229,3.64145,0.98985,1.30035,83,-4.52189,-4.52189,-1.38734,7.92764,3.27015,0.75523
1.97445,0.33685,61,-1.87067,-1.87067,1.54062,5.74229,3.64145,1.23185,1.23185,48,-5.66953,-0.80208,1.48287,9.31714,5.40001,0.89309
1.97445,0.33685,61,-1.87067,-1.87067,1.54062,5.74229,3.64145,1.29155,0.35895,27,-4.41285,-4.41285,-1.07005,7.65851,3.29423,1.40073
1.97445,0.33685,61,-1.87067,-1.87067,1.54062,5.74229,3.64145,1.42455,0.43935,24,-4.42489,-4.42489,-0.50366,7.30854,3.40244,1.44569
1.97445,0.33685,61,-1.87067,-1.87067,1.54062,5.74229,3.64145,1.19885,1.19885,29,-4.57534,-4.57534,-1.23469,8.33298,3.54914,1.23928
1.97445,0.33685,61,-1.87067,-1.87067,1.54062,5.74229,3.64145,1.33295,0.38215,26,-4.40061,-4.40061,-0.99752,7.47177,3.23713,1.44515
1.97445,0.33685,61,-1.87067,-1.87067,1.54062,5.74229,3.64145,1.00335,1.33975,31,-2.42899,-2.42899,0.45021,5.6727,3.06146,1.22628
1.97445,0.33685,61,-1.87067,-1.87067,1.54062,5.74229,3.64145,0.92235,1.17105,32,-3.82445,-3.82445,-0.57045,7.44895,3.43925,1.05594
1.97445,0.33685,61,-1.87067,-1.87067,1.54062,5.74229,3.64145,1.36815,0.40825,25,-4.37896,-4.37896,-0.57504,7.39822,3.41159,1.46324
1.97445,0.33685,61,-1.87067,-1.87067,1.54062,5.74229,3.64145,1.53775,0.72745,42,-4.27919,-4.27919,-1.14475,7.00728,2.93127,1.35004
1.97445,0.33685,61,-1.87067,-1.87067,1.54062,5.74229,3.64145,1.57595,0.77355,41,-4.58043,-4.58043,-0.66073,7.16522,3.25224,1.26475
1.97445,0.33685,61,-1.87067,-1.87067,1.54062,5.74229,3.64145,1.25315,0.33775,28,-4.41904,-4.41904,-1.06489,7.87854,3.40682,1.34849
1.97445,0.33685,61,-1.87067,-1.87067,1.54062,5.74229,3.64145,1.03965,1.40285,82,-3.38807,-3.38807,-0.46103,6.57196,3.05546,0.79422
1.97445,0.33685,61,-1.87067,-1.87067,1.54062,5.74229,3.64145,1.40755,0.58065,46,-4.0964,-3.37189,-0.45002,9.06265,4.30632,1.16232
1.97445,0.33685,61,-1.87067,-1.87067,1.54062,5.74229,3.64145,1.26865,0.67055,78,-5.4406,-5.4406,-2.19568,9.35312,3.57872,1.12702
1.97445,0.33685,61,-1.87067,-1.87067,1.54062,5.74229,3.64145,1.44625,0.61295,45,-3.51705,-3.51705,-0.55007,8.37917,3.91455,1.2709
1.97445,0.33685,61,-1.87067,-1.87067,1.54062,5.74229,3.64145,1.47565,0.64735,44,-3.62911,-3.62911,-0.9258,7.67333,3.37376,1.32812
1.97445,0.33685,61,-1.87067,-1.87067,1.54062,5.74229,3.64145,1.00325,1.23855,51,-4.78669,-4.78669,-1.48175,8.3375,3.42787,0.80039
1.97445,0.33685,61,-1.87067,-1.87067,1.54062,5.74229,3.64145,1.06585,1.35395,50,-3.60334,-3.60334,-0.62446,6.87583,3.12569,0.85374
1.97445,0.33685,61,-1.87067,-1.87067,1.54062,5.74229,3.64145,1.46495,0.83725,73,-3.54072,-3.54072,0.28607,7.76325,4.02466,1.32286
1.97445,0.33685,61,-1.87067,-1.87067,1.54062,5.74229,3.64145,1.50655,0.68555,43,-3.95104,-3.95104,-1.20091,7.17917,2.98913,1.37091
1.97445,0.33685,61,-1.87067,-1.87067,1.54062,5.74229,3.64145,1.54605,0.51945,22,-4.13789,-4.13789,0.4163,7.12072,3.76851,1.26156
1.97445,0.33685,61,-1.87067,-1.87067,1.54062,5.74229,3.64145,1.47915,0.47555,23,-4.42467,-4.42467,-0.1056,7.21881,3.55661,1.3841
1.97445,0.33685,61,-1.87067,-1.87067,1.54062,5.74229,3.64145,1.40525,0.79075,74,-4.46416,-4.46416,-0.40824,8.81585,4.20381,1.4149
1.97445,0.33685,61,-1.87067,-1.87067,1.54062,5.74229,3.64145,1.10495,1.10495,30,-5.97804,-0.6987,1.59776,9.94132,5.76954,1.12829
1.97445,0.33685,61,-1.87067,-1.87067,1.54062,5.74229,3.64145,1.66825,0.84555,40,-3.45486,-3.45486,0.20991,7.108,3.65895,1.08534
2.01575,0.36425,59,-1.94941,-1.94941,1.07786,5.59272,3.33529,1.31705,1.31705,47,-4.37849,-4.37849,-1.18206,7.87468,3.34631,1.03654
2.01575,0.36425,59,-1.94941,-1.94941,1.07786,5.59272,3.33529,1.10775,1.39955,13,-2.5457,-2.5457,0.34112,5.72681,3.03397,1.33168
2.01575,0.36425,59,-1.94941,-1.94941,1.07786,5.59272,3.33529,0.98985,1.30035,83,-4.52189,-4.52189,-1.38734,7.92764,3.27015,0.73893
2.01575,0.36425,59,-1.94941,-1.94941,1.07786,5.59272,3.33529,1.23185,1.23185,48,-5.66953,-0.80208,1.48287,9.31714,5.40001,0.92439
2.01575,0.36425,59,-1.94941,-1.94941,1.07786,5.59272,3.33529,1.29155,0.35895,27,-4.41285,-4.41285,-1.07005,7.65851,3.29423,1.42802
2.01575,0.36425,59,-1.94941,-1.94941,1.07786,5.59272,3.33529,1.42455,0.43935,24,-4.42489,-4.42489,-0.50366,7.30854,3.40244,1.45072
2.01575,0.36425,59,-1.94941,-1.94941,1.07786,5.59272,3.33529,1.19885,1.19885,29,-4.57534,-4.57534,-1.23469,8.33298,3.54914,1.26625
2.01575,0.36425,59,-1.94941,-1.94941,1.07786,5.59272,3.33529,1.33295,0.38215,26,-4.40061,-4.40061,-0.99752,7.47177,3.23713,1.4705
2.01575,0.36425,59,-1.94941,-1.94941,1.07786,5.59272,3.33529,1.00335,1.33975,31,-2.42899,-2.42899,0.45021,5.6727,3.06146,1.23933
2.01575,0.36425,59,-1.94941,-1.94941,1.07786,5.59272,3.33529,0.92235,1.17105,32,-3.82445,-3.82445,-0.57045,7.44895,3.43925,1.02152
2.01575,0.36425,59,-1.94941,-1.94941,1.07786,5.59272,3.33529,1.36815,0.40825,25,-4.37896,-4.37896,-0.57504,7.39822,3.41159,1.47801
2.01575,0.36425,59,-1.94941,-1.94941,1.07786,5.59272,3.33529,1.53775,0.72745,42,-4.27919,-4.27919,-1.14475,7.00728,2.93127,1.31744
2.01575,0.36425,59,-1.94941,-1.94941,1.07786,5.59272,3.33529,1.57595,0.77355,41,-4.58043,-4.58043,-0.66073,7.16522,3.25224,1.27299
2.01575,0.36425,59,-1.94941,-1.94941,1.07786,5.59272,3.33529,1.25315,0.33775,28,-4.41904,-4.41904,-1.06489,7.87854,3.40682,1.35689
2.01575,0.36425,59,-1.94941,-1.94941,1.07786,5.59272,3.33529,1.03965,1.40285,82,-3.38807,-3.38807,-0.46103,6.57196,3.05546,0.75334
2.01575,0.36425,59,-1.94941,-1.94941,1.07786,5.59272,3.33529,1.40755,0.58065,46,-4.0964,-3.37189,-0.45002,9.06265,4.30632,1.18554
2.01575,0.36425,59,-1.94941,-1.94941,1.07786,5.59272,3.33529,1.26865,0.67055,78,-5.4406,-5.4406,-2.19568,9.35312,3.57872,1.18983
2.01575,0.36425,59,-1.94941,-1.94941,1.07786,5.59272,3.33529,1.44625,0.61295,45,-3.51705,-3.51705,-0.55007,8.37917,3.91455,1.28292
2.01575,0.36425,59,-1.94941,-1.94941,1.07786,5.59272,3.33529,1.47565,0.64735,44,-3.62911,-3.62911,-0.9258,7.67333,3.37376,1.35613
2.01575,0.36425,59,-1.94941,-1.94941,1.07786,5.59272,3.33529,1.00325,1.23855,51,-4.78669,-4.78669,-1.48175,8.3375,3.42787,0.74509
2.01575,0.36425,59,-1.94941,-1.94941,1.07786,5.59272,3.33529,1.06585,1.35395,50,-3.60334,-3.60334,-0.62446,6.87583,3.12569,0.86247
2.01575,0.36425,59,-1.94941,-1.94941,1.07786,5.59272,3.33529,1.46495,0.83725,73,-3.54072,-3.54072,0.28607,7.76325,4.02466,1.32961
2.01575,0.36425,59,-1.94941,-1.94941,1.07786,5.59272,3.33529,1.50655,0.68555,43,-3.95104,-3.95104,-1.20091,7.17917,2.98913,1.38851
2.01575,0.36425,59,-1.94941,-1.94941,1.07786,5.59272,3.33529,1.54605,0.51945,22,-4.13789,-4.13789,0.4163,7.12072,3.76851,1.26131
2.01575,0.36425,59,-1.94941,-1.94941,1.07786,5.59272,3.33529,1.47915,0.47555,23,-4.42467,-4.42467,-0.1056,7.21881,3.55661,1.38412
2.01575,0.36425,59,-1.94941,-1.94941,1.07786,5.59272,3.33529,1.40525,0.79075,74,-4.46416,-4.46416,-0.40824,8.81585,4.20381,1.41549
2.01575,0.36425,59,-1.94941,-1.94941,1.07786,5.59272,3.33529,1.10495,1.10495,30,-5.97804,-0.6987,1.59776,9.94132,5.76954,1.15858
2.01575,0.36425,59,-1.94941,-1.94941,1.07786,5.59272,3.33529,1.66825,0.84555,40,-3.45486,-3.45486,0.20991,7.108,3.65895,1.09748
2.31695,2.31695,37,-2.15625,-2.15625,-0.31805,4.06431,1.87313,1.31705,1.31705,47,-4.37849,-4.37849,-1.18206,7.87468,3.34631,0.56633
2.31695,2.31695,37,-2.15625,-2.15625,-0.31805,4.06431,1.87313,1.10775,1.39955,13,-2.5457,-2.5457,0.34112,5.72681,3.03397,0.77313
2.31695,2.31695,37,-2.15625,-2.15625,-0.31805,4.06431,1.87313,0.98985,1.30035,83,-4.52189,-4.52189,-1.38734,7.92764,3.27015,0.55503
2.31695,2.31695,37,-2.15625,-2.15625,-0.31805,4.06431,1.87313,1.23185,1.23185,48,-5.66953,-0.80208,1.48287,9.31714,5.40001,0.4849
2.31695,2.31695,37,-2.15625,-2.15625,-0.31805,4.06431,1.87313,1.29155,0.35895,27,-4.41285,-4.41285,-1.07005,7.65851,3.29423,0.91189
2.31695,2.31695,37,-2.15625,-2.15625,-0.31805,4.06431,1.87313,1.42455,0.43935,24,-4.42489,-4.42489,-0.50366,7.30854,3.40244,1.16329
2.31695,2.31695,37,-2.15625,-2.15625,-0.31805,4.06431,1.87313,1.19885,1.19885,29,-4.57534,-4.57534,-1.23469,8.33298,3.54914,0.67242
2.31695,2.31695,37,-2.15625,-2.15625,-0.31805,4.06431,1.87313,1.33295,0.38215,26,-4.40061,-4.40061,-0.99752,7.47177,3.23713,0.98157
2.31695,2.31695,37,-2.15625,-2.15625,-0.31805,4.06431,1.87313,1.00335,1.33975,31,-2.42899,-2.42899,0.45021,5.6727,3.06146,0.68617
2.31695,2.31695,37,-2.15625,-2.15625,-0.31805,4.06431,1.87313,0.92235,1.17105,32,-3.82445,-3.82445,-0.57045,7.44895,3.43925,0.81886
2.31695,2.31695,37,-2.15625,-2.15625,-0.31805,4.06431,1.87313,1.36815,0.40825,25,-4.37896,-4.37896,-0.57504,7.39822,3.41159,1.06286
2.31695,2.31695,37,-2.15625,-2.15625,-0.31805,4.06431,1.87313,1.53775,0.72745,42,-4.27919,-4.27919,-1.14475,7.00728,2.93127,1.24979
2.31695,2.31695,37,-2.15625,-2.15625,-0.31805,4.06431,1.87313,1.57595,0.77355,41,-4.58043,-4.58043,-0.66073,7.16522,3.25224,1.17269
2.31695,2.31695,37,-2.15625,-2.15625,-0.31805,4.06431,1.87313,1.25315,0.33775,28,-4.41904,-4.41904,-1.06489,7.87854,3.40682,0.79433
2.31695,2.31695,37,-2.15625,-2.15625,-0.31805,4.06431,1.87313,1.03965,1.40285,82,-3.38807,-3.38807,-0.46103,6.57196,3.05546,0.53717
2.31695,2.31695,37,-2.15625,-2.15625,-0.31805,4.06431,1.87313,1.40755,0.58065,46,-4.0964,-3.37189,-0.45002,9.06265,4.30632,0.82987
2.31695,2.31695,37,-2.15625,-2.15625,-0.31805,4.06431,1.87313,1.26865,0.67055,78,-5.4406,-5.4406,-2.19568,9.35312,3.57872,0.73269
2.31695,2.31695,37,-2.15625,-2.15625,-0.31805,4.06431,1.87313,1.44625,0.61295,45,-3.51705,-3.51705,-0.55007,8.37917,3.91455,0.83386
2.31695,2.31695,37,-2.15625,-2.15625,-0.31805,4.06431,1.87313,1.47565,0.64735,44,-3.62911,-3.62911,-0.9258,7.67333,3.37376,1.15453
2.31695,2.31695,37,-2.15625,-2.15625,-0.31805,4.06431,1.87313,1.00325,1.23855,51,-4.78669,-4.78669,-1.48175,8.3375,3.42787,0.86295
2.31695,2.31695,37,-2.15625,-2.15625,-0.31805,4.06431,1.87313,1.06585,1.35395,50,-3.60334,-3.60334,-0.62446,6.87583,3.12569,0.77822
2.31695,2.31695,37,-2.15625,-2.15625,-0.31805,4.06431,1.87313,1.46495,0.83725,73,-3.54072,-3.54072,0.28607,7.76325,4.02466,1.24255
2.31695,2.31695,37,-2.15625,-2.15625,-0.31805,4.06431,1.87313,1.50655,0.68555,43,-3.95104,-3.95104,-1.20091,7.17917,2.98913,1.25129
2.31695,2.31695,37,-2.15625,-2.15625,-0.31805,4.06431,1.87313,1.54605,0.51945,22,-4.13789,-4.13789,0.4163,7.12072,3.76851,0.9602
2.31695,2.31695,37,-2.15625,-2.15625,-0.31805,4.06431,1.87313,1.47915,0.47555,23,-4.42467,-4.42467,-0.1056,7.21881,3.55661,1.14571
2.31695,2.31695,37,-2.15625,-2.15625,-0.31805,4.06431,1.87313,1.40525,0.79075,74,-4.46416,-4.46416,-0.40824,8.81585,4.20381,1.34437
2.31695,2.31695,37,-2.15625,-2.15625,-0.31805,4.06431,1.87313,1.10495,1.10495,30,-5.97804,-0.6987,1.59776,9.94132,5.76954,0.59447
2.31695,2.31695,37,-2.15625,-2.15625,-0.31805,4.06431,1.87313,1.66825,0.84555,40,-3.45486,-3.45486,0.20991,7.108,3.65895,0.86567
1.65245,0.58135,21,-3.05402,-3.05402,1.06725,6.81817,3.94271,1.31705,1.31705,47,-4.37849,-4.37849,-1.18206,7.87468,3.34631,1.02219
1.65245,0.58135,21,-3.05402,-3.05402,1.06725,6.81817,3.94271,1.10775,1.39955,13,-2.5457,-2.5457,0.34112,5.72681,3.03397,1.34443
1.65245,0.58135,21,-3.05402,-3.05402,1.06725,6.81817,3.94271,0.98985,1.30035,83,-4.52189,-4.52189,-1.38734,7.92764,3.27015,0.79898
1.65245,0.58135,21,-3.05402,-3.05402,1.06725,6.81817,3.94271,1.23185,1.23185,48,-5.66953,-0.80208,1.48287,9.31714,5.40001,0.90964
1.65245,0.58135,21,-3.05402,-3.05402,1.06725,6.81817,3.94271,1.29155,0.35895,27,-4.41285,-4.41285,-1.07005,7.65851,3.29423,1.46482
1.65245,0.58135,21,-3.05402,-3.05402,1.06725,6.81817,3.94271,1.42455,0.43935,24,-4.42489,-4.42489,-0.50366,7.30854,3.40244,1.45957
1.65245,0.58135,21,-3.05402,-3.05402,1.06725,6.81817,3.94271,1.19885,1.19885,29,-4.57534,-4.57534,-1.23469,8.33298,3.54914,1.27745
1.65245,0.58135,21,-3.05402,-3.05402,1.06725,6.81817,3.94271,1.33295,0.38215,26,-4.40061,-4.40061,-0.99752,7.47177,3.23713,1.4473
1.65245,0.58135,21,-3.05402,-3.05402,1.06725,6.81817,3.94271,1.00335,1.33975,31,-2.42899,-2.42899,0.45021,5.6727,3.06146,1.2513
1.65245,0.58135,21,-3.05402,-3.05402,1.06725,6.81817,3.94271,0.92235,1.17105,32,-3.82445,-3.82445,-0.57045,7.44895,3.43925,1.16322
1.65245,0.58135,21,-3.05402,-3.05402,1.06725,6.81817,3.94271,1.36815,0.40825,25,-4.37896,-4.37896,-0.57504,7.39822,3.41159,1.486
1.65245,0.58135,21,-3.05402,-3.05402,1.06725,6.81817,3.94271,1.53775,0.72745,42,-4.27919,-4.27919,-1.14475,7.00728,2.93127,1.36943
1.65245,0.58135,21,-3.05402,-3.05402,1.06725,6.81817,3.94271,1.57595,0.77355,41,-4.58043,-4.58043,-0.66073,7.16522,3.25224,1.28025
1.65245,0.58135,21,-3.05402,-3.05402,1.06725,6.81817,3.94271,1.25315,0.33775,28,-4.41904,-4.41904,-1.06489,7.87854,3.40682,1.39749
1.65245,0.58135,21,-3.05402,-3.05402,1.06725,6.81817,3.94271,1.03965,1.40285,82,-3.38807,-3.38807,-0.46103,6.57196,3.05546,0.68808
1.65245,0.58135,21,-3.05402,-3.05402,1.06725,6.81817,3.94271,1.40755,0.58065,46,-4.0964,-3.37189,-0.45002,9.06265,4.30632,1.1445
1.65245,0.58135,21,-3.05402,-3.05402,1.06725,6.81817,3.94271,1.26865,0.67055,78,-5.4406,-5.4406,-2.19568,9.35312,3.57872,1.21674
1.65245,0.58135,21,-3.05402,-3.05402,1.06725,6.81817,3.94271,1.44625,0.61295,45,-3.51705,-3.51705,-0.55007,8.37917,3.91455,1.30898
1.65245,0.58135,21,-3.05402,-3.05402,1.06725,6.81817,3.94271,1.47565,0.64735,44,-3.62911,-3.62911,-0.9258,7.67333,3.37376,1.37265
1.65245,0.58135,21,-3.05402,-3.05402,1.06725,6.81817,3.94271,1.00325,1.23855,51,-4.78669,-4.78669,-1.48175,8.3375,3.42787,0.69644
1.65245,0.58135,21,-3.05402,-3.05402,1.06725,6.81817,3.94271,1.06585,1.35395,50,-3.60334,-3.60334,-0.62446,6.87583,3.12569,1.04012
1.65245,0.58135,21,-3.05402,-3.05402,1.06725,6.81817,3.94271,1.46495,0.83725,73,-3.54072,-3.54072,0.28607,7.76325,4.02466,1.33462
1.65245,0.58135,21,-3.05402,-3.05402,1.06725,6.81817,3.94271,1.50655,0.68555,43,-3.95104,-3.95104,-1.20091,7.17917,2.98913,1.38227
1.65245,0.58135,21,-3.05402,-3.05402,1.06725,6.81817,3.94271,1.54605,0.51945,22,-4.13789,-4.13789,0.4163,7.12072,3.76851,1.28387
1.65245,0.58135,21,-3.05402,-3.05402,1.06725,6.81817,3.94271,1.47915,0.47555,23,-4.42467,-4.42467,-0.1056,7.21881,3.55661,1.40723
1.65245,0.58135,21,-3.05402,-3.05402,1.06725,6.81817,3.94271,1.40525,0.79075,74,-4.46416,-4.46416,-0.40824,8.81585,4.20381,1.4346
1.65245,0.58135,21,-3.05402,-3.05402,1.06725,6.81817,3.94271,1.10495,1.10495,30,-5.97804,-0.6987,1.59776,9.94132,5.76954,1.15477
1.65245,0.58135,21,-3.05402,-3.05402,1.06725,6.81817,3.94271,1.66825,0.84555,40,-3.45486,-3.45486,0.20991,7.108,3.65895,1.09847
1.94465,0.32455,62,-2.20975,-2.20975,1.6943,5.81302,3.75366,1.31705,1.31705,47,-4.37849,-4.37849,-1.18206,7.87468,3.34631,1.00603
1.94465,0.32455,62,-2.20975,-2.20975,1.6943,5.81302,3.75366,1.10775,1.39955,13,-2.5457,-2.5457,0.34112,5.72681,3.03397,1.31924
1.94465,0.32455,62,-2.20975,-2.20975,1.6943,5.81302,3.75366,0.98985,1.30035,83,-4.52189,-4.52189,-1.38734,7.92764,3.27015,0.76421
1.94465,0.32455,62,-2.20975,-2.20975,1.6943,5.81302,3.75366,1.23185,1.23185,48,-5.66953,-0.80208,1.48287,9.31714,5.40001,0.87999
1.94465,0.32455,62,-2.20975,-2.20975,1.6943,5.81302,3.75366,1.29155,0.35895,27,-4.41285,-4.41285,-1.07005,7.65851,3.29423,1.38774
1.94465,0.32455,62,-2.20975,-2.20975,1.6943,5.81302,3.75366,1.42455,0.43935,24,-4.42489,-4.42489,-0.50366,7.30854,3.40244,1.43671
1.94465,0.32455,62,-2.20975,-2.20975,1.6943,5.81302,3.75366,1.19885,1.19885,29,-4.57534,-4.57534,-1.23469,8.33298,3.54914,1.22495
1.94465,0.32455,62,-2.20975,-2.20975,1.6943,5.81302,3.75366,1.33295,0.38215,26,-4.40061,-4.40061,-0.99752,7.47177,3.23713,1.4319
1.94465,0.32455,62,-2.20975,-2.20975,1.6943,5.81302,3.75366,1.00335,1.33975,31,-2.42899,-2.42899,0.45021,5.6727,3.06146,1.21654
1.94465,0.32455,62,-2.20975,-2.20975,1.6943,5.81302,3.75366,0.92235,1.17105,32,-3.82445,-3.82445,-0.57045,7.44895,3.43925,1.05545
1.94465,0.32455,62,-2.20975,-2.20975,1.6943,5.81302,3.75366,1.36815,0.40825,25,-4.37896,-4.37896,-0.57504,7.39822,3.41159,1.44681
1.94465,0.32455,62,-2.20975,-2.20975,1.6943,5.81302,3.75366,1.53775,0.72745,42,-4.27919,-4.27919,-1.14475,7.00728,2.93127,1.34521
1.94465,0.32455,62,-2.20975,-2.20975,1.6943,5.81302,3.75366,1.57595,0.77355,41,-4.58043,-4.58043,-0.66073,7.16522,3.25224,1.25797
1.94465,0.32455,62,-2.20975,-2.20975,1.6943,5.81302,3.75366,1.25315,0.33775,28,-4.41904,-4.41904,-1.06489,7.87854,3.40682,1.33756
1.94465,0.32455,62,-2.20975,-2.20975,1.6943,5.81302,3.75366,1.03965,1.40285,82,-3.38807,-3.38807,-0.46103,6.57196,3.05546,0.78387
1.94465,0.32455,62,-2.20975,-2.20975,1.6943,5.81302,3.75366,1.40755,0.58065,46,-4.0964,-3.37189,-0.45002,9.06265,4.30632,1.12556
1.94465,0.32455,62,-2.20975,-2.20975,1.6943,5.81302,3.75366,1.26865,0.67055,78,-5.4406,-5.4406,-2.19568,9.35312,3.57872,1.12569
1.94465,0.32455,62,-2.20975,-2.20975,1.6943,5.81302,3.75366,1.44625,0.61295,45,-3.51705,-3.51705,-0.55007,8.37917,3.91455,1.26508
1.94465,0.32455,62,-2.20975,-2.20975,1.6943,5.81302,3.75366,1.47565,0.64735,44,-3.62911,-3.62911,-0.9258,7.67333,3.37376,1.31843
1.94465,0.32455,62,-2.20975,-2.20975,1.6943,5.81302,3.75366,1.00325,1.23855,51,-4.78669,-4.78669,-1.48175,8.3375,3.42787,0.78786
1.94465,0.32455,62,-2.20975,-2.20975,1.6943,5.81302,3.75366,1.06585,1.35395,50,-3.60334,-3.60334,-0.62446,6.87583,3.12569,0.83479
1.94465,0.32455,62,-2.20975,-2.20975,1.6943,5.81302,3.75366,1.46495,0.83725,73,-3.54072,-3.54072,0.28607,7.76325,4.02466,1.31319
1.94465,0.32455,62,-2.20975,-2.20975,1.6943,5.81302,3.75366,1.50655,0.68555,43,-3.95104,-3.95104,-1.20091,7.17917,2.98913,1.3618
1.94465,0.32455,62,-2.20975,-2.20975,1.6943,5.81302,3.75366,1.54605,0.51945,22,-4.13789,-4.13789,0.4163,7.12072,3.76851,1.25829
1.94465,0.32455,62,-2.20975,-2.20975,1.6943,5.81302,3.75366,1.47915,0.47555,23,-4.42467,-4.42467,-0.1056,7.21881,3.55661,1.37918
1.94465,0.32455,62,-2.20975,-2.20975,1.6943,5.81302,3.75366,1.40525,0.79075,74,-4.46416,-4.46416,-0.40824,8.81585,4.20381,1.40393
1.94465,0.32455,62,-2.20975,-2.20975,1.6943,5.81302,3.75366,1.10495,1.10495,30,-5.97804,-0.6987,1.59776,9.94132,5.76954,1.11227
1.94465,0.32455,62,-2.20975,-2.20975,1.6943,5.81302,3.75366,1.66825,0.84555,40,-3.45486,-3.45486,0.20991,7.108,3.65895,1.08077
1.95395,1.95395,38,-3.51853,-1.0994,0.9623,5.87708,3.41969,1.31705,1.31705,47,-4.37849,-4.37849,-1.18206,7.87468,3.34631,0.84563
1.95395,1.95395,38,-3.51853,-1.0994,0.9623,5.87708,3.41969,1.10775,1.39955,13,-2.5457,-2.5457,0.34112,5.72681,3.03397,1.02076
1.95395,1.95395,38,-3.51853,-1.0994,0.9623,5.87708,3.41969,0.98985,1.30035,83,-4.52189,-4.52189,-1.38734,7.92764,3.27015,0.75923
1.95395,1.95395,38,-3.51853,-1.0994,0.9623,5.87708,3.41969,1.23185,1.23185,48,-5.66953,-0.80208,1.48287,9.31714,5.40001,0.64666
1.95395,1.95395,38,-3.51853,-1.0994,0.9623,5.87708,3.41969,1.29155,0.35895,27,-4.41285,-4.41285,-1.07005,7.65851,3.29423,1.10579
1.95395,1.95395,38,-3.51853,-1.0994,0.9623,5.87708,3.41969,1.42455,0.43935,24,-4.42489,-4.42489,-0.50366,7.30854,3.40244,1.28019
1.95395,1.95395,38,-3.51853,-1.0994,0.9623,5.87708,3.41969,1.19885,1.19885,29,-4.57534,-4.57534,-1.23469,8.33298,3.54914,0.94553
1.95395,1.95395,38,-3.51853,-1.0994,0.9623,5.87708,3.41969,1.33295,0.38215,26,-4.40061,-4.40061,-0.99752,7.47177,3.23713,1.21375
1.95395,1.95395,38,-3.51853,-1.0994,0.9623,5.87708,3.41969,1.00335,1.33975,31,-2.42899,-2.42899,0.45021,5.6727,3.06146,0.92723
1.95395,1.95395,38,-3.51853,-1.0994,0.9623,5.87708,3.41969,0.92235,1.17105,32,-3.82445,-3.82445,-0.57045,7.44895,3.43925,1.11842
1.95395,1.95395,38,-3.51853,-1.0994,0.9623,5.87708,3.41969,1.36815,0.40825,25,-4.37896,-4.37896,-0.57504,7.39822,3.41159,1.21486
1.95395,1.95395,38,-3.51853,-1.0994,0.9623,5.87708,3.41969,1.53775,0.72745,42,-4.27919,-4.27919,-1.14475,7.00728,2.93127,1.26665
1.95395,1.95395,38,-3.51853,-1.0994,0.9623,5.87708,3.41969,1.57595,0.77355,41,-4.58043,-4.58043,-0.66073,7.16522,3.25224,1.18026
1.95395,1.95395,38,-3.51853,-1.0994,0.9623,5.87708,3.41969,1.25315,0.33775,28,-4.41904,-4.41904,-1.06489,7.87854,3.40682,1.01686
1.95395,1.95395,38,-3.51853,-1.0994,0.9623,5.87708,3.41969,1.03965,1.40285,82,-3.38807,-3.38807,-0.46103,6.57196,3.05546,0.75569
1.95395,1.95395,38,-3.51853,-1.0994,0.9623,5.87708,3.41969,1.40755,0.58065,46,-4.0964,-3.37189,-0.45002,9.06265,4.30632,0.91756
1.95395,1.95395,38,-3.51853,-1.0994,0.9623,5.87708,3.41969,1.26865,0.67055,78,-5.4406,-5.4406,-2.19568,9.35312,3.57872,0.7798
1.95395,1.95395,38,-3.51853,-1.0994,0.9623,5.87708,3.41969,1.44625,0.61295,45,-3.51705,-3.51705,-0.55007,8.37917,3.91455,1.13638
1.95395,1.95395,38,-3.51853,-1.0994,0.9623,5.87708,3.41969,1.47565,0.64735,44,-3.62911,-3.62911,-0.9258,7.67333,3.37376,1.19721
1.95395,1.95395,38,-3.51853,-1.0994,0.9623,5.87708,3.41969,1.00325,1.23855,51,-4.78669,-4.78669,-1.48175,8.3375,3.42787,0.86844
1.95395,1.95395,38,-3.51853,-1.0994,0.9623,5.87708,3.41969,1.06585,1.35395,50,-3.60334,-3.60334,-0.62446,6.87583,3.12569,0.98098
1.95395,1.95395,38,-3.51853,-1.0994,0.9623,5.87708,3.41969,1.46495,0.83725,73,-3.54072,-3.54072,0.28607,7.76325,4.02466,1.23018
1.95395,1.95395,38,-3.51853,-1.0994,0.9623,5.87708,3.41969,1.50655,0.68555,43,-3.95104,-3.95104,-1.20091,7.17917,2.98913,1.27837
1.95395,1.95395,38,-3.51853,-1.0994,0.9623,5.87708,3.41969,1.54605,0.51945,22,-4.13789,-4.13789,0.4163,7.12072,3.76851,1.16729
1.95395,1.95395,38,-3.51853,-1.0994,0.9623,5.87708,3.41969,1.47915,0.47555,23,-4.42467,-4.42467,-0.1056,7.21881,3.55661,1.25444
1.95395,1.95395,38,-3.51853,-1.0994,0.9623,5.87708,3.41969,1.40525,0.79075,74,-4.46416,-4.46416,-0.40824,8.81585,4.20381,1.32578
1.95395,1.95395,38,-3.51853,-1.0994,0.9623,5.87708,3.41969,1.10495,1.10495,30,-5.97804,-0.6987,1.59776,9.94132,5.76954,0.76807
1.95395,1.95395,38,-3.51853,-1.0994,0.9623,5.87708,3.41969,1.66825,0.84555,40,-3.45486,-3.45486,0.20991,7.108,3.65895,1.03047
1.78595,0.94535,39,-2.28698,-2.28698,1.03847,6.19347,3.61597,1.31705,1.31705,47,-4.37849,-4.37849,-1.18206,7.87468,3.34631,1.06367
1.78595,0.94535,39,-2.28698,-2.28698,1.03847,6.19347,3.61597,1.10775,1.39955,13,-2.5457,-2.5457,0.34112,5.72681,3.03397,1.34149
1.78595,0.94535,39,-2.28698,-2.28698,1.03847,6.19347,3.61597,0.98985,1.30035,83,-4.52189,-4.52189,-1.38734,7.92764,3.27015,0.65783
1.78595,0.94535,39,-2.28698,-2.28698,1.03847,6.19347,3.61597,1.23185,1.23185,48,-5.66953,-0.80208,1.48287,9.31714,5.40001,0.95054
1.78595,0.94535,39,-2.28698,-2.28698,1.03847,6.19347,3.61597,1.29155,0.35895,27,-4.41285,-4.41285,-1.07005,7.65851,3.29423,1.42692
1.78595,0.94535,39,-2.28698,-2.28698,1.03847,6.19347,3.61597,1.42455,0.43935,24,-4.42489,-4.42489,-0.50366,7.30854,3.40244,1.43564
1.78595,0.94535,39,-2.28698,-2.28698,1.03847,6.19347,3.61597,1.19885,1.19885,29,-4.57534,-4.57534,-1.23469,8.33298,3.54914,1.26811
1.78595,0.94535,39,-2.28698,-2.28698,1.03847,6.19347,3.61597,1.33295,0.38215,26,-4.40061,-4.40061,-0.99752,7.47177,3.23713,1.4128
1.78595,0.94535,39,-2.28698,-2.28698,1.03847,6.19347,3.61597,1.00335,1.33975,31,-2.42899,-2.42899,0.45021,5.6727,3.06146,1.25596
1.78595,0.94535,39,-2.28698,-2.28698,1.03847,6.19347,3.61597,0.92235,1.17105,32,-3.82445,-3.82445,-0.57045,7.44895,3.43925,1.09957
1.78595,0.94535,39,-2.28698,-2.28698,1.03847,6.19347,3.61597,1.36815,0.40825,25,-4.37896,-4.37896,-0.57504,7.39822,3.41159,1.45455
1.78595,0.94535,39,-2.28698,-2.28698,1.03847,6.19347,3.61597,1.53775,0.72745,42,-4.27919,-4.27919,-1.14475,7.00728,2.93127,1.36297
1.78595,0.94535,39,-2.28698,-2.28698,1.03847,6.19347,3.61597,1.57595,0.77355,41,-4.58043,-4.58043,-0.66073,7.16522,3.25224,1.28061
1.78595,0.94535,39,-2.28698,-2.28698,1.03847,6.19347,3.61597,1.25315,0.33775,28,-4.41904,-4.41904,-1.06489,7.87854,3.40682,1.37724
1.78595,0.94535,39,-2.28698,-2.28698,1.03847,6.19347,3.61597,1.03965,1.40285,82,-3.38807,-3.38807,-0.46103,6.57196,3.05546,0.84267
1.78595,0.94535,39,-2.28698,-2.28698,1.03847,6.19347,3.61597,1.40755,0.58065,46,-4.0964,-3.37189,-0.45002,9.06265,4.30632,1.2073
1.78595,0.94535,39,-2.28698,-2.28698,1.03847,6.19347,3.61597,1.26865,0.67055,78,-5.4406,-5.4406,-2.19568,9.35312,3.57872,1.21179
1.78595,0.94535,39,-2.28698,-2.28698,1.03847,6.19347,3.61597,1.44625,0.61295,45,-3.51705,-3.51705,-0.55007,8.37917,3.91455,1.31071
1.78595,0.94535,39,-2.28698,-2.28698,1.03847,6.19347,3.61597,1.47565,0.64735,44,-3.62911,-3.62911,-0.9258,7.67333,3.37376,1.33727
1.78595,0.94535,39,-2.28698,-2.28698,1.03847,6.19347,3.61597,1.00325,1.23855,51,-4.78669,-4.78669,-1.48175,8.3375,3.42787,0.71302
1.78595,0.94535,39,-2.28698,-2.28698,1.03847,6.19347,3.61597,1.06585,1.35395,50,-3.60334,-3.60334,-0.62446,6.87583,3.12569,0.96586
1.78595,0.94535,39,-2.28698,-2.28698,1.03847,6.19347,3.61597,1.46495,0.83725,73,-3.54072,-3.54072,0.28607,7.76325,4.02466,1.32862
1.78595,0.94535,39,-2.28698,-2.28698,1.03847,6.19347,3.61597,1.50655,0.68555,43,-3.95104,-3.95104,-1.20091,7.17917,2.98913,1.38184
1.78595,0.94535,39,-2.28698,-2.28698,1.03847,6.19347,3.61597,1.54605,0.51945,22,-4.13789,-4.13789,0.4163,7.12072,3.76851,1.28267
1.78595,0.94535,39,-2.28698,-2.28698,1.03847,6.19347,3.61597,1.47915,0.47555,23,-4.42467,-4.42467,-0.1056,7.21881,3.55661,1.39527
1.78595,0.94535,39,-2.28698,-2.28698,1.03847,6.19347,3.61597,1.40525,0.79075,74,-4.46416,-4.46416,-0.40824,8.81585,4.20381,1.41874
1.78595,0.94535,39,-2.28698,-2.28698,1.03847,6.19347,3.61597,1.10495,1.10495,30,-5.97804,-0.6987,1.59776,9.94132,5.76954,1.15303
1.78595,0.94535,39,-2.28698,-2.28698,1.03847,6.19347,3.61597,1.66825,0.84555,40,-3.45486,-3.45486,0.20991,7.108,3.65895,1.11428
